Workbook

Sheet Reporte1_1
A1: SACHA CENTRAL | H1: PRODUCCION
A2: POZO | C2: FECHA | D2: CAMPO | F2: P. CAS | G2: HORAS | H2: BFPD | I2: BPPD | J2: BAPD | K2: MSCF | L2: BSW | M2: GOR | N2: T. | Q2: API | R2: FREC | S2: P. INY | T2: B. INY | U2: PSI | V2: PIP | W2: AMPERAJE | X2: VOL | Y2: SALIN. | Z2: TASA | AA2: BPPD | AB2: BAPD | AC2: MSCF | AD2: L.F. ESTACION | AE2: ESTACION
N3: BOMBA | U3: CABEZA
A4: SCH-013BT | C4: 45950 | D4: SACHA CENTRAL | F4: 0 | G4: 4 | H4: 385 | I4: 200 | J4: 185 | K4: 59.8 | L4: 48.05 | M4: 299 | N4: FLEX 7|FLEX 7|FLEX 7|FLEX 17.5 | Q4: 23.3 | R4: 53.4 | S4: 0 | T4: 0 | U4: 90 | V4: 285 | W4: 26 | X4: 426 | Y4: 25800 | Z4: 250 | AA4: 202.489 | AB4: 185 | AC4: 59.8 | AD4: 1.01244 | AE4: SACHA CENTRAL
A5: SCH-017U | C5: 45950 | D5: SACHA CENTRAL | F5: 70 | G5: 3 | H5: 372 | I5: 281 | J5: 91 | K5: 81.33 | L5: 24.32 | M5: 289 | N5: JET 11K | Q5: 24.4 | R5: 0 | S5: 0 | T5: 2477 | U5: 3750 | V5: 0 | W5: 0 | X5: 0 | Y5: 11900 | Z5: 700 | AA5: 284.497 | AB5: 91 | AC5: 81.33 | AD5: 1.01244 | AE5: SACHA CENTRAL
A6: SCH-018UI | C6: 45951 | D6: SACHA CENTRAL | F6: 0 | G6: 4 | H6: 1369 | I6: 356 | J6: 1013 | K6: 106.09 | L6: 74 | M6: 298 | N6: NH2100M|NH2100M|NH2100M|N406MPP940 | Q6: 25.1 | R6: 122 | S6: 0 | T6: 0 | U6: 90 | V6: 411 | W6: 33 | X6: 431 | Y6: 5200 | Z6: 450 | AA6: 360.43 | AB6: 1013 | AC6: 106.09 | AD6: 1.01244 | AE6: SACHA CENTRAL
A7: SCH-019U | C7: 45952 | D7: SACHA CENTRAL | F7: 0 | G7: 4 | H7: 432 | I7: 43 | J7: 389 | K7: 8.64 | L7: 90.05 | M7: 201 | N7: SF-320|SF-320|SF-900|SFGH2500 | Q7: 26.7 | R7: 65 | S7: 0 | T7: 0 | U7: 60 | V7: 428 | W7: 29 | X7: 479 | Y7: 13900 | Z7: 650 | AA7: 43.535 | AB7: 389 | AC7: 8.64 | AD7: 1.01244 | AE7: SACHA CENTRAL
A8: SCH-025U | C8: 45950 | D8: SACHA CENTRAL | F8: 70 | G8: 4 | H8: 654 | I8: 244 | J8: 410 | K8: 62.7 | L8: 62.71 | M8: 257 | N8: JET 11K | Q8: 25.6 | R8: 0 | S8: 0 | T8: 2185 | U8: 3850 | V8: 0 | W8: 0 | X8: 0 | Y8: 8000 | Z8: 400 | AA8: 247.036 | AB8: 410 | AC8: 62.7 | AD8: 1.01244 | AE8: SACHA CENTRAL
A9: SCH-037T | C9: 45952 | D9: SACHA CENTRAL | F9: 0 | G9: 3 | H9: 202 | I9: 158 | J9: 44 | K9: 47.24 | L9: 21.78 | M9: 299 | N9: NBV(160-250)H|NBV(160-250)H|NBV(160-250)H|NBV(160-250)H | Q9: 33.9 | R9: 144 | S9: 0 | T9: 0 | U9: 30 | V9: 366 | W9: 31 | X9: 389 | Y9: 14100 | Z9: 380 | AA9: 159.966 | AB9: 44 | AC9: 47.24 | AD9: 1.01244 | AE9: SACHA CENTRAL
A10: SCH-083HI | C10: 45946 | D10: SACHA CENTRAL | F10: 0 | G10: 4 | H10: 1702 | I10: 255 | J10: 1447 | K10: 2.04 | L10: 85.02 | M10: 8 | N10: FLEX7ER SSD|FLEX7ER SSD|FLEX7ER SSD|FLEX 17.5 | Q10: 27.7 | R10: 58 | S10: 0 | T10: 0 | U10: 100 | V10: 2232 | W10: 62 | X10: 426 | Y10: 1250 | Z10: 140 | AA10: 258.173 | AB10: 1447 | AC10: 2.04 | AD10: 1.01244 | AE10: SACHA CENTRAL
A11: SCH-087BT | C11: 45949 | D11: SACHA CENTRAL | F11: 0 | G11: 4 | H11: 1275 | I11: 204 | J11: 1071 | K11: 61 | L11: 84 | M11: 299 | N11: FLEX 17.5|FLEX 17.5|FLEX 17.5|FLEXER | Q11: 24 | R11: 59 | S11: 0 | T11: 0 | U11: 350 | V11: 332 | W11: 59 | X11: 412 | Y11: 9700 | Z11: 250 | AA11: 206.538 | AB11: 1071 | AC11: 61 | AD11: 1.01244 | AE11: SACHA CENTRAL
A12: SCH-088T | C12: 45940 | D12: SACHA CENTRAL | F12: 0 | G12: 3 | H12: 1189 | I12: 618 | J12: 571 | K12: 234.84 | L12: 48.02 | M12: 380 | N12: DN1750|DN1750|DN1750|DN1750 | Q12: 28.1 | R12: 60.5 | S12: 0 | T12: 0 | U12: 200 | V12: 298 | W12: 43 | X12: 444 | Y12: 12000 | Z12: 800 | AA12: 312.845 | AB12: 285.5 | AC12: 117.42 | AD12: 1.01244 | AE12: SACHA CENTRAL
A13: SCH-098U | C13: 45950 | D13: SACHA CENTRAL | F13: 0 | G13: 3 | H13: 359 | I13: 101 | J13: 258 | K13: 96.96 | L13: 71.87 | M13: 960 | N13: NH940M|NH940M|NH940M|N406MPP940 | Q13: 26.1 | R13: 49 | S13: 0 | T13: 0 | U13: 60 | V13: 157 | W13: 25 | X13: 385 | Y13: 11800 | Z13: 750 | AA13: 102.257 | AB13: 258 | AC13: 96.96 | AD13: 1.01244 | AE13: SACHA CENTRAL
A14: SCH-099TI | C14: 45950 | D14: SACHA CENTRAL | F14: 0 | G14: 4 | H14: 449 | I14: 314 | J14: 135 | K14: 157 | L14: 30.07 | M14: 500 | N14: NH940M|NH940M|NH940M | Q14: 30.4 | R14: 58 | S14: 0 | T14: 0 | U14: 150 | V14: 330 | W14: 27 | X14: 464 | Y14: 35800 | Z14: 800 | AA14: 317.907 | AB14: 135 | AC14: 157 | AD14: 1.01244 | AE14: SACHA CENTRAL
A15: SCH-101U | C15: 45952 | D15: SACHA CENTRAL | F15: 70 | G15: 4 | H15: 864 | I15: 274 | J15: 590 | K15: 55.6 | L15: 68.31 | M15: 203 | N15: JET 11J | Q15: 26.5 | R15: 0 | S15: 0 | T15: 2217 | U15: 3750 | V15: 0 | W15: 0 | X15: 0 | Y15: 6250 | Z15: 300 | AA15: 277.409 | AB15: 590 | AC15: 55.6 | AD15: 1.01244 | AE15: SACHA CENTRAL
... A45: SCHAP-488HUI | C45: 45946 | D45: SACHA CENTRAL | F45: 0 | G45: 4 | H45: 350 | I45: 343 | J45: 7 | K45: 66.89 | L45: 2 | M45: 195 | N45: FLEX 10|FLEX 10|FLEX 10|FLEX 17.5 | Q45: 18.2 | R45: 48.5 | S45: 0 | T45: 0 | U45: 70 | V45: 0 | W45: 28 | X45: 363 | Y45: 55500 | Z45: 600 | AA45: 347.268 | AB45: 7 | AC45: 66.89 | AD45: 1.01244 | AE45: SACHA CENTRAL
A46: TOTAL | D46: SACHA CENTRAL | H46: 30221 | I46: 13240 | J46: 16981 | K46: 4065.82 | M46: 307 | Z46: 27902 | AA46: 13091.903 | AB46: 16695.5 | AC46: 3948.4
A47: SACHA NORTE 1 | H47: PRODUCCION
A48: POZO | C48: FECHA | D48: CAMPO | F48: P. CAS | G48: HORAS | H48: BFPD | I48: BPPD | J48: BAPD | K48: MSCF | L48: BSW | M48: GOR | N48: T. | Q48: API | R48: FREC | S48: P. INY | T48: B. INY | U48: PSI | V48: PIP | W48: AMPERAJE | X48: VOL | Y48: SALIN. | Z48: TASA | AA48: BPPD | AB48: BAPD | AC48: MSCF | AD48: L.F. ESTACION | AE48: ESTACION
N49: BOMBA | U49: CABEZA
A50: SCH-007T | C50: 45948 | D50: SACHA NORTE 1 | F50: 0 | G50: 3 | H50: 49 | I50: 10 | J50: 39 | K50: 2.89 | L50: 79.59 | M50: 289 | N50: FLEXER|FLEXER|FLEXER | Q50: 22.4 | R50: 65 | S50: 0 | T50: 0 | U50: 450 | V50: 1011 | W50: 58 | X50: 459 | Y50: 10200 | Z50: 1400 | AA50: 10.124 | AB50: 39 | AC50: 2.89 | AD50: 1.01244 | AE50: SACHA CENTRAL
A51: SCH-007U | C51: 45948 | D51: SACHA NORTE 1 | F51: 0 | G51: 5 | H51: 1612 | I51: 322 | J51: 1290 | K51: 93.06 | L51: 80.03 | M51: 289 | N51: FLEXER|FLEXER|FLEXER | Q51: 22.6 | R51: 65 | S51: 0 | T51: 0 | U51: 450 | V51: 994 | W51: 58 | X51: 459 | Y51: 10200 | Z51: 1400 | AA51: 326.007 | AB51: 1290 | AC51: 93.06 | AD51: 1.01244 | AE51: SACHA CENTRAL
A52: SCH-031HS | C52: 45952 | D52: SACHA NORTE 1 | F52: 100 | G52: 4 | H52: 237 | I52: 199 | J52: 38 | K52: 30.05 | L52: 16.03 | M52: 151 | N52: FLEX 7ER|FLEX 7ER|FLEX 17.5 | Q52: 21 | R52: 58 | S52: 0 | T52: 0 | U52: 300 | V52: 218 | W52: 18 | X52: 464 | Y52: 9200 | Z52: 600 | AA52: 201.476 | AB52: 38 | AC52: 30.05 | AD52: 1.01244 | AE52: SACHA CENTRAL
A53: SCH-050UI | C53: 45951 | D53: SACHA NORTE 1 | F53: 0 | G53: 5 | H53: 2012 | I53: 96 | J53: 1916 | K53: 14.88 | L53: 95.23 | M53: 155 | N53: NH2100M|NH2100M|NH2100M | Q53: 24.3 | R53: 62 | S53: 0 | T53: 0 | U53: 150 | V53: 1427 | W53: 50 | X53: 438 | Y53: 18000 | Z53: 440 | AA53: 97.194 | AB53: 1916 | AC53: 14.88 | AD53: 1.01244 | AE53: SACHA CENTRAL
A54: SCH-051T | C54: 45946 | D54: SACHA NORTE 1 | F54: 0 | G54: 5 | H54: 251 | I54: 186 | J54: 65 | K54: 53.75 | L54: 25.9 | M54: 289 | N54: WD-600|WD-1000MF|WD-1000MF | Q54: 29.6 | R54: 55 | S54: 0 | T54: 0 | U54: 90 | V54: 212 | W54: 19 | X54: 424 | Y54: 39800 | Z54: 800 | AA54: 188.314 | AB54: 65 | AC54: 53.75 | AD54: 1.01244 | AE54: SACHA CENTRAL
A55: SCH-053U | C55: 45951 | D55: SACHA NORTE 1 | F55: 0 | G55: 5 | H55: 314 | I55: 311 | J55: 3 | K55: 63.13 | L55: 0.96 | M55: 203 | N55: D1050N|DN1750|DN1750|D5-21 | Q55: 21.2 | R55: 62 | S55: 0 | T55: 0 | U55: 680 | V55: 329 | W55: 25 | X55: 456 | Y55: 14500 | Z55: 600 | AA55: 314.87 | AB55: 3 | AC55: 63.13 | AD55: 1.01244 | AE55: SACHA CENTRAL
A56: SCH-096BT | C56: 45945 | D56: SACHA NORTE 1 | F56: 50 | G56: 5 | H56: 292 | I56: 175 | J56: 117 | K56: 35.53 | L56: 39.87 | M56: 203 | N56: JET 9I | Q56: 23.8 | R56: 0 | S56: 0 | T56: 1518 | U56: 3850 | V56: 0 | W56: 0 | X56: 0 | Y56: 31900 | Z56: 500 | AA56: 177.178 | AB56: 117 | AC56: 35.53 | AD56: 1.01244 | AE56: SACHA CENTRAL
A57: SCH-102U | C57: 45951 | D57: SACHA NORTE 1 | F57: 0 | G57: 5 | H57: 458 | I57: 165 | J57: 293 | K57: 25.58 | L57: 63.97 | M57: 155 | N57: TD-675|TD-675|TD-675 | Q57: 24.7 | R57: 61 | S57: 0 | T57: 0 | U57: 70 | V57: 0 | W57: 32 | X57: 427 | Y57: 6000 | Z57: 170 | AA57: 167.053 | AB57: 293 | AC57: 25.58 | AD57: 1.01244 | AE57: SACHA CENTRAL
A58: SCH-106HS | C58: 45952 | D58: SACHA NORTE 1 | F58: 0 | G58: 5 | H58: 3067 | I58: 701 | J58: 2366 | K58: 106.8 | L58: 77.14 | M58: 152 | N58: D3550N|D3550N|D3500N|D3550N|D20 | Q58: 26.8 | R58: 59.2 | S58: 0 | T58: 0 | U58: 180 | V58: 550 | W58: 70 | X58: 452 | Y58: 17100 | Z58: 900 | AA58: 709.723 | AB58: 2366 | AC58: 106.8 | AD58: 1.01244 | AE58: SACHA CENTRAL
A59: SCH-119HS | C59: 45949 | D59: SACHA NORTE 1 | F59: 50 | G59: 5 | H59: 211 | I59: 193 | J59: 18 | K59: 39 | L59: 8.48 | M59: 202 | N59: JET 11L | Q59: 26.9 | R59: 0 | S59: 0 | T59: 2520 | U59: 3700 | V59: 0 | W59: 0 | X59: 0 | Y59: 15500 | Z59: 500 | AA59: 195.401 | AB59: 18 | AC59: 39 | AD59: 1.01244 | AE59: SACHA CENTRAL
A60: SCH-127HS | C60: 45942 | D60: SACHA NORTE 1 | F60: 10 | G60: 5 | H60: 1838 | I60: 441 | J60: 1397 | K60: 66.59 | L60: 76.01 | M60: 151 | N60: DN1750|DN1750|DN1750 | Q60: 26.1 | R60: 55 | S60: 0 | T60: 0 | U60: 90 | V60: 0 | W60: 35 | X60: 434 | Y60: 1200 | Z60: 800 | AA60: 446.487 | AB60: 1397 | AC60: 66.59 | AD60: 1.01244 | AE60: SACHA CENTRAL
A61: SCHAN-460TI | C61: 45943 | D61: SACHA NORTE 1 | F61: 0 | G61: 4 | H61: 660 | I61: 198 | J61: 462 | K61: 57.22 | L61: 70 | M61: 289 | N61: E1000|E1000|E1000|FLEX 17.5 | Q61: 32.8 | R61: 51 | S61: 0 | T61: 0 | U61: 350 | V61: 491 | W61: 52 | X61: 409 | Y61: 13100 | Z61: 250 | AA61: 200.464 | AB61: 462 | AC61: 57.22 | AD61: 1.01244 | AE61: SACHA CENTRAL
... A77: SCHD-249HS | C77: 45943 | D77: SACHA NORTE 1 | F77: 0 | G77: 5 | H77: 479 | I77: 287 | J77: 192 | K77: 43.34 | L77: 40.08 | M77: 151 | N77: D1050N|DN1750|DN1750 | Q77: 25.8 | R77: 58 | S77: 0 | T77: 0 | U77: 190 | V77: 0 | W77: 28 | X77: 435 | Y77: 8500 | Z77: 460 | AA77: 290.571 | AB77: 192 | AC77: 43.34 | AD77: 1.01244 | AE77: SACHA CENTRAL
A78: SCHD-250HS | C78: 45935 | D78: SACHA NORTE 1 | F78: 50 | G78: 4 | H78: 545 | I78: 534 | J78: 11 | K78: 4.18 | L78: 2.02 | M78: 8 | N78: D1050N|DN1750|DN1750|D5-21 | Q78: 25.8 | R78: 51 | S78: 0 | T78: 0 | U78: 140 | V78: 950 | W78: 22 | X78: 382 | Y78: 14000 | AA78: 540.644 | AB78: 11 | AC78: 4.18 | AD78: 1.01244 | AE78: SACHA CENTRAL
A79: SCHD-253HS | C79: 45938 | D79: SACHA NORTE 1 | F79: 0 | G79: 5 | H79: 572 | I79: 446 | J79: 126 | K79: 9.76 | L79: 22.03 | M79: 22 | N79: E1000|E1000|E1000|FLEX 17.5 | Q79: 25.8 | R79: 46 | S79: 0 | T79: 0 | U79: 120 | V79: 1145 | W79: 24 | X79: 368 | Y79: 11000 | Z79: 700 | AA79: 451.55 | AB79: 126 | AC79: 9.76 | AD79: 1.01244 | AE79: SACHA CENTRAL
A80: SCHD-256TI | C80: 45950 | D80: SACHA NORTE 1 | F80: 0 | G80: 4 | H80: 987 | I80: 967 | J80: 20 | K80: 290.18 | L80: 2.03 | M80: 300 | N80: S1500N|S1500N|S1500N|S1500N | Q80: 30.3 | R80: 58 | S80: 0 | T80: 0 | U80: 150 | V80: 668 | W80: 30 | X80: 463 | Y80: 16000 | Z80: 800 | AA80: 979.033 | AB80: 20 | AC80: 290.18 | AD80: 1.01244 | AE80: SACHA CENTRAL
A81: SCHD-620HS | C81: 45949 | D81: SACHA NORTE 1 | F81: 40 | G81: 5 | H81: 330 | I81: 290 | J81: 40 | K81: 43.85 | L81: 12.12 | M81: 151 | N81: WD-3000|WD-3000|WD-3000|WD-3000 | Q81: 26.4 | R81: 52 | S81: 0 | T81: 0 | U81: 300 | V81: 558 | W81: 34 | X81: 389 | Y81: 14300 | AA81: 293.609 | AB81: 40 | AC81: 43.85 | AD81: 1.01244 | AE81: SACHA CENTRAL
A82: SCHD-623HS | C82: 45950 | D82: SACHA NORTE 1 | F82: 130 | G82: 5 | H82: 517 | I82: 486 | J82: 31 | K82: 73.38 | L82: 6 | M82: 151 | N82: NH940M|NH940M|NH940M | Q82: 26 | R82: 88 | S82: 0 | T82: 0 | U82: 250 | V82: 1155 | W82: 12.4 | X82: 331 | Y82: 8500 | Z82: 800 | AA82: 492.047 | AB82: 31 | AC82: 73.38 | AD82: 1.01244 | AE82: SACHA CENTRAL
A83: SCHF-247TI | C83: 45933 | D83: SACHA NORTE 1 | F83: 50 | G83: 4 | H83: 141 | I83: 130 | J83: 11 | K83: 37.57 | L83: 7.8 | M83: 289 | N83: RCXLF|RCXLF|RCXLF|RCXLF | Q83: 29.2 | R83: 58 | S83: 0 | T83: 0 | U83: 140 | V83: 200 | W83: 33 | X83: 435 | Y83: 41300 | Z83: 900 | AA83: 131.618 | AB83: 11 | AC83: 37.57 | AD83: 1.01244 | AE83: SACHA CENTRAL
A84: SCHN-163S1TI | C84: 45948 | D84: SACHA NORTE 1 | F84: 0 | G84: 5 | H84: 485 | I84: 427 | J84: 58 | K84: 123.4 | L84: 11.96 | M84: 289 | N84: E1000|E1000|FLEX 17.5 | Q84: 28.7 | R84: 59 | S84: 0 | T84: 0 | U84: 250 | V84: 204 | W84: 25 | X84: 473 | Y84: 24700 | Z84: 470 | AA84: 432.313 | AB84: 58 | AC84: 123.4 | AD84: 1.01244 | AE84: SACHA CENTRAL
A85: SCHT-169UI | C85: 45938 | D85: SACHA NORTE 1 | F85: 0 | G85: 4 | H85: 909 | I85: 509 | J85: 400 | K85: 78.9 | L85: 44 | M85: 155 | N85: RC 1000|RC 1000|RC 1000|RC 1000 | Q85: 20.2 | R85: 65 | S85: 0 | T85: 0 | U85: 60 | V85: 0 | W85: 32 | X85: 435 | Y85: 11000 | Z85: 1000 | AA85: 515.334 | AB85: 400 | AC85: 78.9 | AD85: 1.01244 | AE85: SACHA CENTRAL
A86: SCHT-229UI | C86: 45938 | D86: SACHA NORTE 1 | F86: 0 | G86: 5 | H86: 1324 | I86: 212 | J86: 1112 | K86: 43.04 | L86: 83.99 | M86: 203 | N86: WD-1750|WD-1750|WD-1750|WD-1750 | Q86: 17.2 | R86: 61 | S86: 0 | T86: 0 | U86: 30 | V86: 320 | W86: 42 | X86: 452 | Y86: 7500 | Z86: 600 | AA86: 214.638 | AB86: 1112 | AC86: 43.04 | AD86: 1.01244 | AE86: SACHA CENTRAL
A87: TOTAL | D87: SACHA NORTE 1 | H87: 32492 | I87: 11326 | J87: 21166 | K87: 2812.1 | M87: 248 | Z87: 24733 | AA87: 11466.931 | AB87: 21166 | AC87: 2812.1
A88: SACHA NORTE 2 | H88: PRODUCCION
A89: POZO | C89: FECHA | D89: CAMPO | F89: P. CAS | G89: HORAS | H89: BFPD | I89: BPPD | J89: BAPD | K89: MSCF | L89: BSW | M89: GOR | N89: T. | Q89: API | R89: FREC | S89: P. INY | T89: B. INY | U89: PSI | V89: PIP | W89: AMPERAJE | X89: VOL | Y89: SALIN. | Z89: TASA | AA89: BPPD | AB89: BAPD | AC89: MSCF | AD89: L.F. ESTACION | AE89: ESTACION
N90: BOMBA | U90: CABEZA
A91: SCH-032T | C91: 45948 | D91: SACHA NORTE 2 | F91: 0 | G91: 4 | H91: 430 | I91: 387 | J91: 43 | K91: 111.84 | L91: 10 | M91: 289 | N91: RC 1000|RC 1000|RC 1000|RC 1000 | Q91: 28.9 | R91: 57.5 | S91: 0 | T91: 0 | U91: 90 | V91: 245 | W91: 28.6 | X91: 428 | Y91: 47700 | Z91: 800 | AA91: 367.313 | AB91: 43 | AC91: 111.84 | AD91: 0.94913 | AE91: SACHA NORTE 2
A92: SCH-066BUI | C92: 45940 | D92: SACHA NORTE 2 | F92: 80 | G92: 4 | H92: 294 | I92: 282 | J92: 12 | K92: 81.5 | L92: 4.08 | M92: 289 | N92: FLEX 7|FLEX 7|FLEX 7 | Q92: 25.3 | R92: 57.5 | S92: 0 | T92: 0 | U92: 320 | V92: 222 | W92: 33 | X92: 477 | Y92: 30227 | Z92: 400 | AA92: 267.655 | AB92: 12 | AC92: 81.5 | AD92: 0.94913 | AE92: SACHA NORTE 2
A93: SCH-093UI | C93: 45951 | D93: SACHA NORTE 2 | F93: 160 | G93: 5 | H93: 597 | I93: 239 | J93: 358 | K93: 144 | L93: 59.97 | M93: 603 | N93: SF-900|SF-900|SF-1750|SFGH2500 | Q93: 24.7 | R93: 55.7 | S93: 0 | T93: 0 | U93: 300 | V93: 485 | W93: 29.2 | X93: 446 | Y93: 45500 | Z93: 100 | AA93: 226.842 | AB93: 358 | AC93: 144 | AD93: 0.94913 | AE93: SACHA NORTE 2
A94: SCH-121TI | C94: 45946 | D94: SACHA NORTE 2 | F94: 90 | G94: 5 | H94: 350 | I94: 343 | J94: 7 | K94: 274.4 | L94: 2 | M94: 800 | N94: D1050N|DN1750|DN1750|D5-21 | Q94: 31.2 | R94: 62 | S94: 0 | T94: 0 | U94: 180 | V94: 225 | W94: 28 | X94: 438 | Y94: 11500 | Z94: 870 | AA94: 325.552 | AB94: 7 | AC94: 274.4 | AD94: 0.94913 | AE94: SACHA NORTE 2
A95: SCH-125TI | C95: 45940 | D95: SACHA NORTE 2 | F95: 0 | G95: 4 | H95: 469 | I95: 206 | J95: 263 | K95: 61.68 | L95: 56.08 | M95: 299 | N95: DN1750|DN1750|DN1750|DN1750|D5-21 | Q95: 31.5 | R95: 57.5 | S95: 0 | T95: 0 | U95: 260 | V95: 196 | W95: 33 | X95: 421 | Y95: 43000 | Z95: 270 | AA95: 195.521 | AB95: 263 | AC95: 61.68 | AD95: 0.94913 | AE95: SACHA NORTE 2
A96: SCHAK-430UI | C96: 45949 | D96: SACHA NORTE 2 | F96: 100 | G96: 4 | H96: 937 | I96: 75 | J96: 862 | K96: 15.23 | L96: 92 | M96: 203 | N96: FLEX7ER SSD|FLEX7ER SSD|FLEX7ER SSD|FLEX 17.5 | Q96: 24.6 | R96: 51.5 | S96: 0 | T96: 0 | U96: 120 | V96: 762 | W96: 65 | X96: 376 | Y96: 70750 | Z96: 700 | AA96: 71.185 | AB96: 862 | AC96: 15.23 | AD96: 0.94913 | AE96: SACHA NORTE 2
A97: SCHAK-433UI | C97: 45949 | D97: SACHA NORTE 2 | F97: 0 | G97: 6 | H97: 474 | I97: 465 | J97: 9 | K97: 94.4 | L97: 1.9 | M97: 203 | N97: E1000|E1000|E1000|FLEX 17.5 | Q97: 27 | R97: 49.5 | S97: 0 | T97: 0 | U97: 65 | V97: 170 | W97: 20 | X97: 396 | Y97: 38900 | Z97: 450 | AA97: 441.346 | AB97: 9 | AC97: 94.4 | AD97: 0.94913 | AE97: SACHA NORTE 2
A98: SCHAL-440UI | C98: 45939 | D98: SACHA NORTE 2 | F98: 0 | G98: 6 | H98: 792 | I98: 649 | J98: 143 | K98: 131.75 | L98: 18.06 | M98: 203 | N98: DN1750|DN1750|DN1750|DN1750|D5-21 | Q98: 25.9 | R98: 58 | S98: 0 | T98: 0 | U98: 370 | V98: 259 | W98: 38 | X98: 424 | Y98: 49000 | Z98: 1000 | AA98: 615.986 | AB98: 143 | AC98: 131.75 | AD98: 0.94913 | AE98: SACHA NORTE 2
A99: SCHAL-441HS | C99: 45951 | D99: SACHA NORTE 2 | F99: 10 | G99: 8 | H99: 235 | I99: 132 | J99: 103 | K99: 19.93 | L99: 43.83 | M99: 151 | N99: NAV(190-380)H|NAV(190-380)H|NAV(190-380)H|NAV(190-380)H | Q99: 22.8 | R99: 136 | S99: 0 | T99: 0 | U99: 130 | V99: 2134 | W99: 19.5 | X99: 333 | Y99: 6100 | Z99: 600 | AA99: 125.285 | AB99: 103 | AC99: 19.93 | AD99: 0.94913 | AE99: SACHA NORTE 2
A100: SCHAL-442UI | C100: 45940 | D100: SACHA NORTE 2 | F100: 20 | G100: 6 | H100: 722 | I100: 318 | J100: 404 | K100: 49.29 | L100: 55.96 | M100: 155 | N100: NHV940|NHV940|NHV940|NHV940|N406MPP940 | Q100: 24.4 | R100: 116 | S100: 0 | T100: 0 | U100: 215 | V100: 0 | W100: 18.2 | X100: 434 | Y100: 68200 | Z100: 900 | AA100: 301.823 | AB100: 404 | AC100: 49.29 | AD100: 0.94913 | AE100: SACHA NORTE 2
A101: SCHAL-443TI | C101: 45952 | D101: SACHA NORTE 2 | F101: 0 | G101: 8 | H101: 110 | I101: 77 | J101: 33 | K101: 61.6 | L101: 30 | M101: 800 | N101: FLEX 7|FLEX 7|FLEX 7|FLEX 17.5 | Q101: 31.7 | R101: 49 | S101: 0 | T101: 0 | U101: 240 | V101: 262 | W101: 35.7 | X101: 404 | Y101: 55000 | Z101: 600 | AA101: 73.083 | AB101: 33 | AC101: 61.6 | AD101: 0.94913 | AE101: SACHA NORTE 2
A102: SCHAL-443UI | C102: 45952 | D102: SACHA NORTE 2 | F102: 0 | G102: 8 | H102: 151 | I102: 109 | J102: 42 | K102: 87.2 | L102: 27.82 | M102: 800 | N102: FLEX 7|FLEX 7|FLEX 7 | Q102: 31.7 | R102: 49 | S102: 0 | T102: 0 | U102: 240 | V102: 262 | W102: 35.7 | X102: 404 | Y102: 55000 | Z102: 160 | AA102: 103.455 | AB102: 42 | AC102: 87.2 | AD102: 0.94913 | AE102: SACHA NORTE 2
... A138: SCHS-263TI | C138: 45952 | D138: SACHA NORTE 2 | F138: 0 | G138: 5 | H138: 310 | I138: 99 | J138: 211 | K138: 20.1 | L138: 68.07 | M138: 203 | N138: DN1750|DN1750|DN1750|DN1750|D5-21 | Q138: 31.5 | R138: 57.5 | S138: 0 | T138: 0 | U138: 190 | V138: 185 | W138: 29 | X138: 420 | Y138: 15100 | Z138: 1300 | AA138: 93.964 | AB138: 211 | AC138: 20.1 | AD138: 0.94913 | AE138: SACHA NORTE 2
A139: SCHS-265R1TI | C139: 45948 | D139: SACHA NORTE 2 | F139: 40 | G139: 5 | H139: 260 | I139: 177 | J139: 83 | K139: 51.31 | L139: 31.92 | M139: 290 | N139: RC 1000|RC 1000|RC 1000|RC 1000 | Q139: 28.8 | R139: 53.5 | S139: 0 | T139: 0 | U139: 160 | V139: 220 | W139: 24.5 | X139: 382 | Y139: 4800 | AA139: 167.996 | AB139: 83 | AC139: 51.31 | AD139: 0.94913 | AE139: SACHA NORTE 2
A140: SCHS-266TS | C140: 45946 | D140: SACHA NORTE 2 | F140: 0 | G140: 5 | H140: 146 | I140: 117 | J140: 29 | K140: 33.81 | L140: 19.86 | M140: 289 | N140: D1050N|DN1750|DN1750 | Q140: 33.8 | R140: 59 | S140: 0 | T140: 0 | U140: 100 | V140: 162 | W140: 23 | X140: 450 | Y140: 39250 | Z140: 118 | AA140: 111.049 | AB140: 29 | AC140: 33.81 | AD140: 0.94913 | AE140: SACHA NORTE 2
A141: SCHS-287TS | C141: 45941 | D141: SACHA NORTE 2 | F141: 40 | G141: 6 | H141: 718 | I141: 675 | J141: 43 | K141: 137.03 | L141: 5.99 | M141: 203 | N141: E3000 SSD|E3000 SSD|E3000 SSD | Q141: 24.5 | R141: 117 | S141: 0 | T141: 0 | U141: 250 | V141: 389 | W141: 22 | X141: 440 | Y141: 50000 | Z141: 1000 | AA141: 640.663 | AB141: 43 | AC141: 137.03 | AD141: 0.94913 | AE141: SACHA NORTE 2
A142: SCHV-214UI | C142: 45950 | D142: SACHA NORTE 2 | F142: 40 | G142: 8 | H142: 263 | I142: 45 | J142: 218 | K142: 20.25 | L142: 82.89 | M142: 450 | N142: DN1750|DN1750|DN1750|DN1750|D5-21 | Q142: 24.1 | R142: 51 | S142: 0 | T142: 0 | U142: 210 | V142: 189 | W142: 25 | X142: 394 | Y142: 19000 | Z142: 500 | AA142: 42.711 | AB142: 218 | AC142: 20.25 | AD142: 0.94913 | AE142: SACHA NORTE 2
A143: SCHV-226HS | C143: 45951 | D143: SACHA NORTE 2 | F143: 100 | G143: 3 | H143: 2632 | I143: 237 | J143: 2395 | K143: 5.69 | L143: 91 | M143: 24 | N143: NH(2500-3100)H|NH(2500-3100)H|NH(2500-3100)H|NH(2500-3100)H | Q143: 24 | R143: 98 | S143: 0 | T143: 0 | U143: 40 | V143: 3009 | W143: 22 | X143: 328 | Y143: 750 | Z143: 350 | AA143: 224.944 | AB143: 2395 | AC143: 5.69 | AD143: 0.94913 | AE143: SACHA NORTE 2
A144: SCHV-227HS | C144: 45941 | D144: SACHA NORTE 2 | F144: 35 | G144: 4 | H144: 1705 | I144: 290 | J144: 1415 | K144: 2.32 | L144: 82.99 | M144: 8 | N144: WD-3000|WD-3000|WD-3000|WD-3000 | Q144: 24.8 | R144: 52 | S144: 0 | T144: 0 | U144: 36 | V144: 1191 | W144: 46 | X144: 409 | Y144: 1000 | Z144: 930 | AA144: 275.248 | AB144: 1415 | AC144: 2.32 | AD144: 0.94913 | AE144: SACHA NORTE 2
A145: SCHV-242HS | C145: 45952 | D145: SACHA NORTE 2 | F145: 25 | G145: 6 | H145: 983 | I145: 197 | J145: 786 | K145: 29.75 | L145: 79.96 | M145: 151 | N145: E1000|E1000|E1000|FLEX 17.5 | Q145: 20.5 | R145: 51 | S145: 0 | T145: 0 | U145: 40 | V145: 1136 | W145: 30 | X145: 410 | Y145: 13 | Z145: 350 | AA145: 186.979 | AB145: 786 | AC145: 29.75 | AD145: 0.94913 | AE145: SACHA NORTE 2
A146: SCHV-320TI | C146: 45947 | D146: SACHA NORTE 2 | F146: 0 | G146: 7 | H146: 230 | I146: 225 | J146: 5 | K146: 98.1 | L146: 2.17 | M146: 436 | N146: RCXLF|RCXLF|RCXLF|RCXLF|D5-21 | Q146: 33.2 | R146: 47 | S146: 0 | T146: 0 | U146: 30 | V146: 194 | W146: 26 | X146: 369 | Y146: 34000 | Z146: 350 | AA146: 213.554 | AB146: 5 | AC146: 98.1 | AD146: 0.94913 | AE146: SACHA NORTE 2
A147: SCHV-321HS | C147: 45945 | D147: SACHA NORTE 2 | F147: 0 | G147: 12 | H147: 289 | I147: 192 | J147: 97 | K147: 28.8 | L147: 33.56 | M147: 150 | N147: D1050N|DN1750|DN1750|D5-21 | Q147: 20.5 | R147: 54 | S147: 0 | T147: 0 | U147: 120 | V147: 184 | W147: 30 | X147: 394 | Y147: 1000 | Z147: 435 | AA147: 182.233 | AB147: 97 | AC147: 28.8 | AD147: 0.94913 | AE147: SACHA NORTE 2
A148: SCHV-321UI | C148: 45945 | D148: SACHA NORTE 2 | F148: 0 | G148: 12 | H148: 37 | I148: 36 | J148: 1 | K148: 5.4 | L148: 2.7 | M148: 150 | N148: D1050N|DN1750|DN1750|D5-21 | Q148: 23.8 | R148: 54 | S148: 0 | T148: 0 | U148: 120 | V148: 184 | W148: 30 | X148: 394 | Y148: 3600 | Z148: 435 | AA148: 34.169 | AB148: 1 | AC148: 5.4 | AD148: 0.94913 | AE148: SACHA NORTE 2
A149: SCHX-270U | C149: 45952 | D149: SACHA NORTE 2 | F149: 0 | G149: 2 | H149: 390 | I149: 386 | J149: 4 | K149: 308.8 | L149: 1.03 | M149: 800 | N149: RCXLF|RCXLF|RCXLF|RCXLF|D5-21|D5-21 | Q149: 25.9 | R149: 54.5 | S149: 0 | T149: 0 | U149: 580 | V149: 243 | W149: 23.6 | X149: 410 | Y149: 15200 | Z149: 430 | AA149: 366.364 | AB149: 4 | AC149: 308.8 | AD149: 0.94913 | AE149: SACHA NORTE 2
A150: TOTAL | D150: SACHA NORTE 2 | H150: 29929 | I150: 13491 | J150: 16438 | K150: 4563.73 | M150: 338 | Z150: 33652 | AA150: 12804.72 | AB150: 16438 | AC150: 4563.73
A151: SACHA SUR | H151: PRODUCCION
A152: POZO | C152: FECHA | D152: CAMPO | F152: P. CAS | G152: HORAS | H152: BFPD | I152: BPPD | J152: BAPD | K152: MSCF | L152: BSW | M152: GOR | N152: T. | Q152: API | R152: FREC | S152: P. INY | T152: B. INY | U152: PSI | V152: PIP | W152: AMPERAJE | X152: VOL | Y152: SALIN. | Z152: TASA | AA152: BPPD | AB152: BAPD | AC152: MSCF | AD152: L.F. ESTACION | AE152: ESTACION
N153: BOMBA | U153: CABEZA
A154: SCH-052BUI | C154: 45946 | D154: SACHA SUR | F154: 0 | G154: 5 | H154: 390 | I154: 296 | J154: 94 | K154: 178 | L154: 24.1 | M154: 601 | N154: D1050N|DN1750|DN1750|D5-21 | Q154: 27.8 | R154: 55 | S154: 0 | T154: 0 | U154: 50 | V154: 106 | W154: 24 | X154: 407 | Y154: 6800 | Z154: 450 | AA154: 299.683 | AB154: 94 | AC154: 178 | AD154: 1.01244 | AE154: SACHA CENTRAL
A155: SCH-056U | C155: 45951 | D155: SACHA SUR | F155: 0 | G155: 5 | H155: 677 | I155: 108 | J155: 569 | K155: 79.7 | L155: 84.05 | M155: 738 | N155: NB(630-1000)H|NB(630-1000)H|NB(630-1000)H|NB(630-1000)H|NB(630-1000)H|NB(630-1000)H|NB(630-1000)H | Q155: 24.5 | R155: 135 | S155: 0 | T155: 0 | U155: 180 | V155: 320 | W155: 23 | X155: 424 | Y155: 11500 | Z155: 350 | AA155: 109.344 | AB155: 569 | AC155: 79.7 | AD155: 1.01244 | AE155: SACHA CENTRAL
A156: SCH-110TI | C156: 45951 | D156: SACHA SUR | F156: 0 | G156: 5 | H156: 44 | I156: 22 | J156: 22 | K156: 13.2 | L156: 50 | M156: 600 | N156: RCXLF|RCXLF|RCXLF|RCXLF|D5-21 | Q156: 27.8 | R156: 56 | S156: 0 | T156: 0 | U156: 60 | V156: 180 | W156: 21.5 | X156: 412 | Y156: 19900 | Z156: 400 | AA156: 22.274 | AB156: 22 | AC156: 13.2 | AD156: 1.01244 | AE156: SACHA CENTRAL
A157: SCH-110UI | C157: 45951 | D157: SACHA SUR | F157: 0 | G157: 5 | H157: 62 | I157: 31 | J157: 31 | K157: 18.6 | L157: 50 | M157: 600 | N157: RCXLF|RCXLF|RCXLF|RCXLF|D5-21 | Q157: 27.8 | R157: 56 | S157: 0 | T157: 0 | U157: 60 | V157: 180 | W157: 21.6 | X157: 412 | Y157: 19900 | Z157: 400 | AA157: 31.386 | AB157: 31 | AC157: 18.6 | AD157: 1.01244 | AE157: SACHA CENTRAL
A158: SCH-110US | C158: 45951 | D158: SACHA SUR | F158: 0 | G158: 5 | H158: 10 | I158: 5 | J158: 5 | K158: 3 | L158: 50 | M158: 600 | N158: RCXLF|RCXLF|RCXLF|RCXLF|D5-21 | Q158: 27.8 | R158: 56 | S158: 0 | T158: 0 | U158: 60 | V158: 180 | W158: 21.6 | X158: 412 | Y158: 19900 | Z158: 400 | AA158: 5.062 | AB158: 5 | AC158: 3 | AD158: 1.01244 | AE158: SACHA CENTRAL
A159: SCH-123UI | C159: 45944 | D159: SACHA SUR | F159: 150 | G159: 4 | H159: 1711.3 | I159: 821.3 | J159: 890 | K159: 127.26 | L159: 52.01 | M159: 155 | N159: E3000 SSD|E3000 SSD|E3000 SSD | Q159: 24 | R159: 64 | S159: 0 | T159: 0 | U159: 100 | V159: 430 | W159: 57 | X159: 473 | Y159: 13200 | Z159: 1100 | AA159: 831.52 | AB159: 890 | AC159: 127.26 | AD159: 1.01244 | AE159: SACHA CENTRAL
A160: SCH-124UI | C160: 45946 | D160: SACHA SUR | F160: 0 | G160: 5 | H160: 2459 | I160: 295 | J160: 2164 | K160: 59.89 | L160: 88 | M160: 203 | N160: E3000 SSD|E3000 SSD|E3000 SSD|E3000 SSD | Q160: 24.2 | R160: 64 | S160: 0 | T160: 0 | U160: 210 | V160: 665 | W160: 75 | X160: 454 | Y160: 10300 | Z160: 700 | AA160: 298.67 | AB160: 2164 | AC160: 59.89 | AD160: 1.01244 | AE160: SACHA CENTRAL
A161: SCH-128HS | C161: 45950 | D161: SACHA SUR | F161: 0 | G161: 5 | H161: 3753 | I161: 225 | J161: 3528 | K161: 33.98 | L161: 94.01 | M161: 151 | N161: RC4000 CR-CT|RC4000 CR-CT|RC4000 CR-CT | Q161: 29.8 | R161: 43 | S161: 0 | T161: 0 | U161: 270 | V161: 2644 | W161: 50 | X161: 319 | Y161: 425 | Z161: 350 | AA161: 227.8 | AB161: 3528 | AC161: 33.98 | AD161: 1.01244 | AE161: SACHA CENTRAL
A162: SCH-137TI | C162: 45951 | D162: SACHA SUR | F162: 0 | G162: 4 | H162: 748 | I162: 180 | J162: 568 | K162: 36.44 | L162: 75.94 | M162: 202 | N162: WD-3000|WD-3000|WD-3000|WD-3000 | Q162: 22.8 | R162: 57 | S162: 0 | T162: 0 | U162: 270 | V162: 322 | W162: 45 | X162: 434 | Y162: 12700 | Z162: 200 | AA162: 182.24 | AB162: 568 | AC162: 36.44 | AD162: 1.01244 | AE162: SACHA CENTRAL
A163: SCH-141TI | C163: 45950 | D163: SACHA SUR | F163: 0 | G163: 5 | H163: 862 | I163: 241 | J163: 621 | K163: 120.5 | L163: 72.04 | M163: 500 | N163: E1000|E1000|E1000|FLEX7ER SSD | Q163: 25 | R163: 52 | S163: 0 | T163: 0 | U163: 520 | V163: 562 | W163: 51 | X163: 391 | Y163: 17600 | AA163: 243.999 | AB163: 621 | AC163: 120.5 | AD163: 1.01244 | AE163: SACHA CENTRAL
A164: SCH-142UI | C164: 45948 | D164: SACHA SUR | F164: 100 | G164: 5 | H164: 1122 | I164: 180 | J164: 942 | K164: 56.87 | L164: 83.96 | M164: 316 | N164: E1000|E1000|E1000|FLEX 17.5 | Q164: 23.9 | R164: 60 | S164: 0 | T164: 0 | U164: 180 | V164: 259 | W164: 36 | X164: 472 | Y164: 9300 | Z164: 400 | AA164: 182.239 | AB164: 942 | AC164: 56.87 | AD164: 1.01244 | AE164: SACHA CENTRAL
A165: SCH-159UI | C165: 45950 | D165: SACHA SUR | F165: 0 | G165: 5 | H165: 667 | I165: 267 | J165: 400 | K165: 54.2 | L165: 59.97 | M165: 203 | N165: D1050N|DN1750|DN1750 | Q165: 23.5 | R165: 60 | S165: 0 | T165: 0 | U165: 180 | V165: 337 | W165: 16 | X165: 465 | Y165: 19300 | Z165: 850 | AA165: 270.322 | AB165: 400 | AC165: 54.2 | AD165: 1.01244 | AE165: SACHA CENTRAL
A166: SCH-182UI | C166: 45951 | D166: SACHA SUR | F166: 0 | G166: 5 | H166: 258 | I166: 144 | J166: 114 | K166: 29.23 | L166: 44.19 | M166: 203 | N166: FLEX 7|FLEX 7|FLEX 7|FLEX 17.5 | Q166: 26 | R166: 50 | S166: 0 | T166: 0 | U166: 70 | V166: 188 | W166: 25 | X166: 394 | Y166: 9800 | Z166: 350 | AA166: 145.792 | AB166: 114 | AC166: 29.23 | AD166: 1.01244 | AE166: SACHA CENTRAL
A167: SCH-184UI | C167: 45952 | D167: SACHA SUR | F167: 0 | G167: 5 | H167: 696 | I167: 223 | J167: 473 | K167: 45.27 | L167: 67.96 | M167: 203 | N167: D1050N|DN1750|DN1750 | Q167: 26 | R167: 58 | S167: 0 | T167: 0 | U167: 190 | V167: 0 | W167: 32 | X167: 450 | Y167: 4000 | Z167: 800 | AA167: 225.775 | AB167: 473 | AC167: 45.27 | AD167: 1.01244 | AE167: SACHA CENTRAL
A168: SCH-186UI | C168: 45950 | D168: SACHA SUR | F168: 0 | G168: 5 | H168: 2445 | I168: 1956 | J168: 489 | K168: 1173 | L168: 20 | M168: 600 | N168: RC4000 CR-CT|RC4000 CR-CT|RC4000 CR-CT|RC4000 CR-CT|D20|D20 | Q168: 23.7 | R168: 63 | S168: 0 | T168: 0 | U168: 140 | V168: 334 | W168: 65 | X168: 449 | Y168: 20000 | Z168: 2000 | AA168: 1980.339 | AB168: 489 | AC168: 1173 | AD168: 1.01244 | AE168: SACHA CENTRAL
A169: SCH-193HS | C169: 45944 | D169: SACHA SUR | F169: 0 | G169: 5 | H169: 439 | I169: 193 | J169: 246 | K169: 29.14 | L169: 56.04 | M169: 151 | N169: WD-1000MF|WD-1000MF|WD-1000MF | Q169: 28.4 | R169: 60 | S169: 0 | T169: 0 | U169: 10 | V169: 0 | W169: 24 | X169: 444 | Y169: 7600 | Z169: 650 | AA169: 195.402 | AB169: 246 | AC169: 29.14 | AD169: 1.01244 | AE169: SACHA CENTRAL
A170: SCH-299U | C170: 45938 | D170: SACHA SUR | F170: 0 | G170: 5 | H170: 378 | I170: 102 | J170: 276 | K170: 20.71 | L170: 73.02 | M170: 203 | N170: RCXLF|RCXLF|RCXLF|RCXLF|D5-21 | Q170: 23.1 | R170: 59 | S170: 0 | T170: 0 | U170: 250 | V170: 250 | W170: 22 | X170: 454 | Y170: 6100 | Z170: 290 | AA170: 103.269 | AB170: 276 | AC170: 20.71 | AD170: 1.01244 | AE170: SACHA CENTRAL
A171: SCHAA-301UI | C171: 45933 | D171: SACHA SUR | F171: 0 | G171: 7 | H171: 549 | I171: 307 | J171: 242 | K171: 47.59 | L171: 44.08 | M171: 155 | N171: E1000|E1000|E1000|FLEX 17.5 | Q171: 18.6 | R171: 59 | S171: 0 | T171: 0 | U171: 90 | V171: 368 | W171: 59 | X171: 449 | Y171: 17000 | Z171: 750 | AA171: 310.82 | AB171: 242 | AC171: 47.59 | AD171: 1.01244 | AE171: SACHA CENTRAL
A172: SCHAA-302TI | C172: 45941 | D172: SACHA SUR | F172: 0 | G172: 5 | H172: 801 | I172: 689 | J172: 112 | K172: 336.24 | L172: 13.98 | M172: 488 | N172: E1000|E1000|E1000|FLEX 17.5 | Q172: 30.2 | R172: 60 | S172: 0 | T172: 0 | U172: 140 | V172: 275 | W172: 56 | X172: 458 | Y172: 22200 | Z172: 801 | AA172: 697.573 | AB172: 112 | AC172: 336.24 | AD172: 1.01244 | AE172: SACHA CENTRAL
A173: SCHAA-302UI | C173: 45941 | D173: SACHA SUR | F173: 0 | G173: 5 | H173: 79 | I173: 68 | J173: 11 | K173: 33.25 | L173: 13.92 | M173: 489 | N173: E1000|E1000|E1000|FLEX 17.5 | Q173: 30.2 | R173: 60 | S173: 0 | T173: 0 | U173: 140 | V173: 275 | W173: 56 | X173: 458 | Y173: 22200 | Z173: 79 | AA173: 68.846 | AB173: 11 | AC173: 33.25 | AD173: 1.01244 | AE173: SACHA CENTRAL
A174: SCHAA-303TI | C174: 45934 | D174: SACHA SUR | F174: 30 | G174: 6 | H174: 345 | I174: 283 | J174: 62 | K174: 56.6 | L174: 17.97 | M174: 200 | N174: FLEXER|FLEXER|FLEXER|FLEX 17.5 | Q174: 29.5 | R174: 47 | S174: 0 | T174: 0 | U174: 80 | V174: 204 | W174: 24 | X174: 376 | Y174: 48800 | Z174: 950 | AA174: 286.522 | AB174: 62 | AC174: 56.6 | AD174: 1.01244 | AE174: SACHA CENTRAL
A175: SCHAA-304R1UI | C175: 45949 | D175: SACHA SUR | F175: 0 | G175: 5 | H175: 425 | I175: 85 | J175: 340 | K175: 17.26 | L175: 80 | M175: 203 | N175: NB(630-1000)H|NB(630-1000)H|NB(630-1000)H|NB(630-1000)H|NB(630-1000)H | Q175: 17.9 | R175: 138 | S175: 0 | T175: 0 | U175: 200 | V175: 333 | W175: 32 | X175: 349 | Y175: 1530 | Z175: 500 | AA175: 86.058 | AB175: 340 | AC175: 17.26 | AD175: 1.01244 | AE175: SACHA CENTRAL
... A190: SCHAD-360UI | C190: 45944 | D190: SACHA SUR | F190: 0 | G190: 5 | H190: 367 | I190: 132 | J190: 235 | K190: 26.8 | L190: 64.03 | M190: 203 | N190: D1050N|DN1750|DN1750 | Q190: 23 | R190: 56.7 | S190: 0 | T190: 0 | U190: 100 | V190: 295 | W190: 27 | X190: 418 | Y190: 4000 | Z190: 650 | AA190: 133.643 | AB190: 235 | AC190: 26.8 | AD190: 1.01244 | AE190: SACHA CENTRAL
A191: SCHAD-362UI | C191: 45944 | D191: SACHA SUR | F191: 50 | G191: 5 | H191: 714 | I191: 707 | J191: 7 | K191: 424.2 | L191: 0.98 | M191: 600 | N191: SF-900|SF-900|SF-900|SFGH2500 | Q191: 24.3 | R191: 59 | S191: 0 | T191: 0 | U191: 210 | V191: 253 | W191: 31 | X191: 472 | Y191: 8600 | AA191: 715.797 | AB191: 7 | AC191: 424.2 | AD191: 1.01244 | AE191: SACHA CENTRAL
A192: SCHAD-364UI | C192: 45944 | D192: SACHA SUR | F192: 0 | G192: 4 | H192: 820 | I192: 426 | J192: 394 | K192: 255.6 | L192: 48.05 | M192: 600 | N192: SF-900|SF-900|SF-900|SFGH2500 | Q192: 23.2 | R192: 60 | S192: 0 | T192: 0 | U192: 200 | V192: 0 | W192: 33 | X192: 492 | Y192: 8500 | Z192: 500 | AA192: 431.301 | AB192: 394 | AC192: 255.6 | AD192: 1.01244 | AE192: SACHA CENTRAL
A193: SCHAD-365UI | C193: 45944 | D193: SACHA SUR | F193: 0 | G193: 5 | H193: 649 | I193: 643 | J193: 6 | K193: 130.53 | L193: 0.93 | M193: 203 | N193: E1000|E1000|E1000|FLEX 17.5 | Q193: 23.9 | R193: 58 | S193: 0 | T193: 0 | U193: 300 | V193: 0 | W193: 55 | X193: 464 | Y193: 16200 | Z193: 850 | AA193: 651.001 | AB193: 6 | AC193: 130.53 | AD193: 1.01244 | AE193: SACHA CENTRAL
...

Sheet POTENCIAL
A1: FECHA: | B1: Junio/3/2018
B3: BLANCA
A4: POZO | B4: FECHA | C4: BFPD | D4: BPPD | E4: BAPD | F4: MSCF | G4: BSW | H4: GOR | I4: T BOMBA | J4: API | K4: FREC | L4: PINY | M4: B INY | N4: PSI CAB | O4: PIP | P4: SALIN | Q4: TASA
A5: =IF(Reporte1_1!#REF!="","",Reporte1_1!#REF!) -> #REF! | B5: =IF(Reporte1_1!#REF!="","",Reporte1_1!#REF!) -> #REF! | C5: =IF(Reporte1_1!#REF!="","",Reporte1_1!#REF!) -> #REF! | D5: =IF(Reporte1_1!#REF!="","",Reporte1_1!#REF!) -> #REF! | E5: =IF(Reporte1_1!#REF!="","",Reporte1_1!#REF!) -> #REF! | F5: =IF(Reporte1_1!#REF!="","",Reporte1_1!#REF!) -> #REF! | G5: =IF(Reporte1_1!#REF!="","",Reporte1_1!#REF!) -> #REF! | H5: =IF(Reporte1_1!#REF!="","",Reporte1_1!#REF!) -> #REF! | ... Q5: =IF(Reporte1_1!#REF!="","",Reporte1_1!#REF!) -> #REF!
A6: =IF(Reporte1_1!#REF!="","",Reporte1_1!#REF!) -> #REF! | B6: =IF(Reporte1_1!#REF!="","",Reporte1_1!#REF!) -> #REF! | C6: =IF(Reporte1_1!#REF!="","",Reporte1_1!#REF!) -> #REF! | D6: =IF(Reporte1_1!#REF!="","",Reporte1_1!#REF!) -> #REF! | E6: =IF(Reporte1_1!#REF!="","",Reporte1_1!#REF!) -> #REF! | F6: =IF(Reporte1_1!#REF!="","",Reporte1_1!#REF!) -> #REF! | G6: =IF(Reporte1_1!#REF!="","",Reporte1_1!#REF!) -> #REF! | H6: =IF(Reporte1_1!#REF!="","",Reporte1_1!#REF!) -> #REF! | ... Q6: =IF(Reporte1_1!#REF!="","",Reporte1_1!#REF!) -> #REF!
A7: =IF(Reporte1_1!#REF!="","",Reporte1_1!#REF!) -> #REF! | B7: =IF(Reporte1_1!#REF!="","",Reporte1_1!#REF!) -> #REF! | C7: =IF(Reporte1_1!#REF!="","",Reporte1_1!#REF!) -> #REF! | D7: =IF(Reporte1_1!#REF!="","",Reporte1_1!#REF!) -> #REF! | E7: =IF(Reporte1_1!#REF!="","",Reporte1_1!#REF!) -> #REF! | F7: =IF(Reporte1_1!#REF!="","",Reporte1_1!#REF!) -> #REF! | G7: =IF(Reporte1_1!#REF!="","",Reporte1_1!#REF!) -> #REF! | H7: =IF(Reporte1_1!#REF!="","",Reporte1_1!#REF!) -> #REF! | ... Q7: =IF(Reporte1_1!#REF!="","",Reporte1_1!#REF!) -> #REF!
A8: =IF(Reporte1_1!#REF!="","",Reporte1_1!#REF!) -> #REF! | B8: =IF(Reporte1_1!#REF!="","",Reporte1_1!#REF!) -> #REF! | C8: =IF(Reporte1_1!#REF!="","",Reporte1_1!#REF!) -> #REF! | D8: =IF(Reporte1_1!#REF!="","",Reporte1_1!#REF!) -> #REF! | E8: =IF(Reporte1_1!#REF!="","",Reporte1_1!#REF!) -> #REF! | F8: =IF(Reporte1_1!#REF!="","",Reporte1_1!#REF!) -> #REF! | G8: =IF(Reporte1_1!#REF!="","",Reporte1_1!#REF!) -> #REF! | H8: =IF(Reporte1_1!#REF!="","",Reporte1_1!#REF!) -> #REF! | ... Q8: =IF(Reporte1_1!#REF!="","",Reporte1_1!#REF!) -> #REF!
A9: =IF(Reporte1_1!#REF!="","",Reporte1_1!#REF!) -> #REF! | B9: =IF(Reporte1_1!#REF!="","",Reporte1_1!#REF!) -> #REF! | C9: =IF(Reporte1_1!#REF!="","",Reporte1_1!#REF!) -> #REF! | D9: =IF(Reporte1_1!#REF!="","",Reporte1_1!#REF!) -> #REF! | E9: =IF(Reporte1_1!#REF!="","",Reporte1_1!#REF!) -> #REF! | F9: =IF(Reporte1_1!#REF!="","",Reporte1_1!#REF!) -> #REF! | G9: =IF(Reporte1_1!#REF!="","",Reporte1_1!#REF!) -> #REF! | H9: =IF(Reporte1_1!#REF!="","",Reporte1_1!#REF!) -> #REF! | ... Q9: =IF(Reporte1_1!#REF!="","",Reporte1_1!#REF!) -> #REF!
A10: =IF(Reporte1_1!#REF!="","",Reporte1_1!#REF!) -> #REF! | B10: =IF(Reporte1_1!#REF!="","",Reporte1_1!#REF!) -> #REF! | C10: =IF(Reporte1_1!#REF!="","",Reporte1_1!#REF!) -> #REF! | D10: =IF(Reporte1_1!#REF!="","",Reporte1_1!#REF!) -> #REF! | E10: =IF(Reporte1_1!#REF!="","",Reporte1_1!#REF!) -> #REF! | F10: =IF(Reporte1_1!#REF!="","",Reporte1_1!#REF!) -> #REF! | G10: =IF(Reporte1_1!#REF!="","",Reporte1_1!#REF!) -> #REF! | H10: =IF(Reporte1_1!#REF!="","",Reporte1_1!#REF!) -> #REF! | ... Q10: =IF(Reporte1_1!#REF!="","",Reporte1_1!#REF!) -> #REF!
A11: =IF(Reporte1_1!#REF!="","",Reporte1_1!#REF!) -> #REF! | B11: =IF(Reporte1_1!#REF!="","",Reporte1_1!#REF!) -> #REF! | C11: =IF(Reporte1_1!#REF!="","",Reporte1_1!#REF!) -> #REF! | D11: =IF(Reporte1_1!#REF!="","",Reporte1_1!#REF!) -> #REF! | E11: =IF(Reporte1_1!#REF!="","",Reporte1_1!#REF!) -> #REF! | F11: =IF(Reporte1_1!#REF!="","",Reporte1_1!#REF!) -> #REF! | G11: =IF(Reporte1_1!#REF!="","",Reporte1_1!#REF!) -> #REF! | H11: =IF(Reporte1_1!#REF!="","",Reporte1_1!#REF!) -> #REF! | ... Q11: =IF(Reporte1_1!#REF!="","",Reporte1_1!#REF!) -> #REF!
A12: =IF(Reporte1_1!#REF!="","",Reporte1_1!#REF!) -> #REF! | B12: =IF(Reporte1_1!#REF!="","",Reporte1_1!#REF!) -> #REF! | C12: =IF(Reporte1_1!#REF!="","",Reporte1_1!#REF!) -> #REF! | D12: =IF(Reporte1_1!#REF!="","",Reporte1_1!#REF!) -> #REF! | E12: =IF(Reporte1_1!#REF!="","",Reporte1_1!#REF!) -> #REF! | F12: =IF(Reporte1_1!#REF!="","",Reporte1_1!#REF!) -> #REF! | G12: =IF(Reporte1_1!#REF!="","",Reporte1_1!#REF!) -> #REF! | H12: =IF(Reporte1_1!#REF!="","",Reporte1_1!#REF!) -> #REF! | ... Q12: =IF(Reporte1_1!#REF!="","",Reporte1_1!#REF!) -> #REF!
A13: =IF(Reporte1_1!#REF!="","",Reporte1_1!#REF!) -> #REF! | B13: =IF(Reporte1_1!#REF!="","",Reporte1_1!#REF!) -> #REF! | C13: =IF(Reporte1_1!#REF!="","",Reporte1_1!#REF!) -> #REF! | D13: =IF(Reporte1_1!#REF!="","",Reporte1_1!#REF!) -> #REF! | E13: =IF(Reporte1_1!#REF!="","",Reporte1_1!#REF!) -> #REF! | F13: =IF(Reporte1_1!#REF!="","",Reporte1_1!#REF!) -> #REF! | G13: =IF(Reporte1_1!#REF!="","",Reporte1_1!#REF!) -> #REF! | H13: =IF(Reporte1_1!#REF!="","",Reporte1_1!#REF!) -> #REF! | ... Q13: =IF(Reporte1_1!#REF!="","",Reporte1_1!#REF!) -> #REF!
A14: =IF(Reporte1_1!A3="","",Reporte1_1!A3) | B14: =IF(Reporte1_1!C3="","",Reporte1_1!C3) | C14: =IF(Reporte1_1!G3="","",Reporte1_1!G3) | D14: =IF(Reporte1_1!H3="","",Reporte1_1!H3) | E14: =IF(Reporte1_1!I3="","",Reporte1_1!I3) | F14: =IF(Reporte1_1!J3="","",Reporte1_1!J3) | G14: =IF(Reporte1_1!K3="","",Reporte1_1!K3) | H14: =IF(Reporte1_1!L3="","",Reporte1_1!L3) | I14: =IF(Reporte1_1!M3="","",Reporte1_1!M3) | J14: =IF(Reporte1_1!P3="","",Reporte1_1!P3) | K14: =IF(Reporte1_1!Q3="","",Reporte1_1!Q3) | L14: =IF(Reporte1_1!R3="","",Reporte1_1!R3) | M14: =IF(Reporte1_1!S3="","",Reporte1_1!S3) | N14: =IF(Reporte1_1!T3="","",Reporte1_1!T3) | O14: =IF(Reporte1_1!U3="","",Reporte1_1!U3) -> CABEZA | P14: =IF(Reporte1_1!W3="","",Reporte1_1!W3) | Q14: =IF(Reporte1_1!X3="","",Reporte1_1!X3)
A15: =IF(Reporte1_1!A4="","",Reporte1_1!A4) -> SCH-013BT | B15: =IF(Reporte1_1!C4="","",Reporte1_1!C4) -> 45950 | C15: =IF(Reporte1_1!G4="","",Reporte1_1!G4) -> 4 | D15: =IF(Reporte1_1!H4="","",Reporte1_1!H4) -> 385 | E15: =IF(Reporte1_1!I4="","",Reporte1_1!I4) -> 200 | F15: =IF(Reporte1_1!J4="","",Reporte1_1!J4) -> 185 | G15: =IF(Reporte1_1!K4="","",Reporte1_1!K4) -> 59.8 | H15: =IF(Reporte1_1!L4="","",Reporte1_1!L4) -> 48.05 | I15: =IF(Reporte1_1!M4="","",Reporte1_1!M4) -> 299 | J15: =IF(Reporte1_1!P4="","",Reporte1_1!P4) | K15: =IF(Reporte1_1!Q4="","",Reporte1_1!Q4) -> 23.3 | L15: =IF(Reporte1_1!R4="","",Reporte1_1!R4) -> 53.4 | M15: =IF(Reporte1_1!S4="","",Reporte1_1!S4) -> 0 | N15: =IF(Reporte1_1!T4="","",Reporte1_1!T4) -> 0 | O15: =IF(Reporte1_1!U4="","",Reporte1_1!U4) -> 90 | P15: =IF(Reporte1_1!W4="","",Reporte1_1!W4) -> 26 | Q15: =IF(Reporte1_1!X4="","",Reporte1_1!X4) -> 426
A16: =IF(Reporte1_1!#REF!="","",Reporte1_1!#REF!) -> #REF! | B16: =IF(Reporte1_1!#REF!="","",Reporte1_1!#REF!) -> #REF! | C16: =IF(Reporte1_1!#REF!="","",Reporte1_1!#REF!) -> #REF! | D16: =IF(Reporte1_1!#REF!="","",Reporte1_1!#REF!) -> #REF! | E16: =IF(Reporte1_1!#REF!="","",Reporte1_1!#REF!) -> #REF! | F16: =IF(Reporte1_1!#REF!="","",Reporte1_1!#REF!) -> #REF! | G16: =IF(Reporte1_1!#REF!="","",Reporte1_1!#REF!) -> #REF! | H16: =IF(Reporte1_1!#REF!="","",Reporte1_1!#REF!) -> #REF! | ... Q16: =IF(Reporte1_1!#REF!="","",Reporte1_1!#REF!) -> #REF!
A17: =IF(Reporte1_1!#REF!="","",Reporte1_1!#REF!) -> #REF! | B17: =IF(Reporte1_1!#REF!="","",Reporte1_1!#REF!) -> #REF! | C17: =IF(Reporte1_1!#REF!="","",Reporte1_1!#REF!) -> #REF! | D17: =IF(Reporte1_1!#REF!="","",Reporte1_1!#REF!) -> #REF! | E17: =IF(Reporte1_1!#REF!="","",Reporte1_1!#REF!) -> #REF! | F17: =IF(Reporte1_1!#REF!="","",Reporte1_1!#REF!) -> #REF! | G17: =IF(Reporte1_1!#REF!="","",Reporte1_1!#REF!) -> #REF! | H17: =IF(Reporte1_1!#REF!="","",Reporte1_1!#REF!) -> #REF! | ... Q17: =IF(Reporte1_1!#REF!="","",Reporte1_1!#REF!) -> #REF!
A18: =IF(Reporte1_1!A10="","",Reporte1_1!A10) -> SCH-083HI | B18: =IF(Reporte1_1!C10="","",Reporte1_1!C10) -> 45946 | C18: =IF(Reporte1_1!G10="","",Reporte1_1!G10) -> 4 | D18: =IF(Reporte1_1!H10="","",Reporte1_1!H10) -> 1702 | E18: =IF(Reporte1_1!I10="","",Reporte1_1!I10) -> 255 | F18: =IF(Reporte1_1!J10="","",Reporte1_1!J10) -> 1447 | G18: =IF(Reporte1_1!K10="","",Reporte1_1!K10) -> 2.04 | H18: =IF(Reporte1_1!L10="","",Reporte1_1!L10) -> 85.02 | I18: =IF(Reporte1_1!M10="","",Reporte1_1!M10) -> 8 | J18: =IF(Reporte1_1!P10="","",Reporte1_1!P10) | K18: =IF(Reporte1_1!Q10="","",Reporte1_1!Q10) -> 27.7 | L18: =IF(Reporte1_1!R10="","",Reporte1_1!R10) -> 58 | M18: =IF(Reporte1_1!S10="","",Reporte1_1!S10) -> 0 | N18: =IF(Reporte1_1!T10="","",Reporte1_1!T10) -> 0 | O18: =IF(Reporte1_1!U10="","",Reporte1_1!U10) -> 100 | P18: =IF(Reporte1_1!W10="","",Reporte1_1!W10) -> 62 | Q18: =IF(Reporte1_1!X10="","",Reporte1_1!X10) -> 426
A19: =IF(Reporte1_1!#REF!="","",Reporte1_1!#REF!) -> #REF! | B19: =IF(Reporte1_1!#REF!="","",Reporte1_1!#REF!) -> #REF! | C19: =IF(Reporte1_1!#REF!="","",Reporte1_1!#REF!) -> #REF! | D19: =IF(Reporte1_1!#REF!="","",Reporte1_1!#REF!) -> #REF! | E19: =IF(Reporte1_1!#REF!="","",Reporte1_1!#REF!) -> #REF! | F19: =IF(Reporte1_1!#REF!="","",Reporte1_1!#REF!) -> #REF! | G19: =IF(Reporte1_1!#REF!="","",Reporte1_1!#REF!) -> #REF! | H19: =IF(Reporte1_1!#REF!="","",Reporte1_1!#REF!) -> #REF! | ... Q19: =IF(Reporte1_1!#REF!="","",Reporte1_1!#REF!) -> #REF!
A20: =IF(Reporte1_1!A12="","",Reporte1_1!A12) -> SCH-088T | B20: =IF(Reporte1_1!C12="","",Reporte1_1!C12) -> 45940 | C20: =IF(Reporte1_1!G12="","",Reporte1_1!G12) -> 3 | D20: =IF(Reporte1_1!H12="","",Reporte1_1!H12) -> 1189 | E20: =IF(Reporte1_1!I12="","",Reporte1_1!I12) -> 618 | F20: =IF(Reporte1_1!J12="","",Reporte1_1!J12) -> 571 | G20: =IF(Reporte1_1!K12="","",Reporte1_1!K12) -> 234.84 | H20: =IF(Reporte1_1!L12="","",Reporte1_1!L12) -> 48.02 | I20: =IF(Reporte1_1!M12="","",Reporte1_1!M12) -> 380 | J20: =IF(Reporte1_1!P12="","",Reporte1_1!P12) | K20: =IF(Reporte1_1!Q12="","",Reporte1_1!Q12) -> 28.1 | L20: =IF(Reporte1_1!R12="","",Reporte1_1!R12) -> 60.5 | M20: =IF(Reporte1_1!S12="","",Reporte1_1!S12) -> 0 | N20: =IF(Reporte1_1!T12="","",Reporte1_1!T12) -> 0 | O20: =IF(Reporte1_1!U12="","",Reporte1_1!U12) -> 200 | P20: =IF(Reporte1_1!W12="","",Reporte1_1!W12) -> 43 | Q20: =IF(Reporte1_1!X12="","",Reporte1_1!X12) -> 444
A21: =IF(Reporte1_1!A15="","",Reporte1_1!A15) -> SCH-101U | B21: =IF(Reporte1_1!C15="","",Reporte1_1!C15) -> 45952 | C21: =IF(Reporte1_1!G15="","",Reporte1_1!G15) -> 4 | D21: =IF(Reporte1_1!H15="","",Reporte1_1!H15) -> 864 | E21: =IF(Reporte1_1!I15="","",Reporte1_1!I15) -> 274 | F21: =IF(Reporte1_1!J15="","",Reporte1_1!J15) -> 590 | G21: =IF(Reporte1_1!K15="","",Reporte1_1!K15) -> 55.6 | H21: =IF(Reporte1_1!L15="","",Reporte1_1!L15) -> 68.31 | I21: =IF(Reporte1_1!M15="","",Reporte1_1!M15) -> 203 | J21: =IF(Reporte1_1!P15="","",Reporte1_1!P15) | K21: =IF(Reporte1_1!Q15="","",Reporte1_1!Q15) -> 26.5 | L21: =IF(Reporte1_1!R15="","",Reporte1_1!R15) -> 0 | M21: =IF(Reporte1_1!S15="","",Reporte1_1!S15) -> 0 | N21: =IF(Reporte1_1!T15="","",Reporte1_1!T15) -> 2217 | O21: =IF(Reporte1_1!U15="","",Reporte1_1!U15) -> 3750 | P21: =IF(Reporte1_1!W15="","",Reporte1_1!W15) -> 0 | Q21: =IF(Reporte1_1!X15="","",Reporte1_1!X15) -> 0
A22: =IF(Reporte1_1!#REF!="","",Reporte1_1!#REF!) -> #REF! | B22: =IF(Reporte1_1!#REF!="","",Reporte1_1!#REF!) -> #REF! | C22: =IF(Reporte1_1!#REF!="","",Reporte1_1!#REF!) -> #REF! | D22: =IF(Reporte1_1!#REF!="","",Reporte1_1!#REF!) -> #REF! | E22: =IF(Reporte1_1!#REF!="","",Reporte1_1!#REF!) -> #REF! | F22: =IF(Reporte1_1!#REF!="","",Reporte1_1!#REF!) -> #REF! | G22: =IF(Reporte1_1!#REF!="","",Reporte1_1!#REF!) -> #REF! | H22: =IF(Reporte1_1!#REF!="","",Reporte1_1!#REF!) -> #REF! | ... Q22: =IF(Reporte1_1!#REF!="","",Reporte1_1!#REF!) -> #REF!
A23: =IF(Reporte1_1!#REF!="","",Reporte1_1!#REF!) -> #REF! | B23: =IF(Reporte1_1!#REF!="","",Reporte1_1!#REF!) -> #REF! | C23: =IF(Reporte1_1!#REF!="","",Reporte1_1!#REF!) -> #REF! | D23: =IF(Reporte1_1!#REF!="","",Reporte1_1!#REF!) -> #REF! | E23: =IF(Reporte1_1!#REF!="","",Reporte1_1!#REF!) -> #REF! | F23: =IF(Reporte1_1!#REF!="","",Reporte1_1!#REF!) -> #REF! | G23: =IF(Reporte1_1!#REF!="","",Reporte1_1!#REF!) -> #REF! | H23: =IF(Reporte1_1!#REF!="","",Reporte1_1!#REF!) -> #REF! | ... Q23: =IF(Reporte1_1!#REF!="","",Reporte1_1!#REF!) -> #REF!
A24: =IF(Reporte1_1!#REF!="","",Reporte1_1!#REF!) -> #REF! | B24: =IF(Reporte1_1!#REF!="","",Reporte1_1!#REF!) -> #REF! | C24: =IF(Reporte1_1!#REF!="","",Reporte1_1!#REF!) -> #REF! | D24: =IF(Reporte1_1!#REF!="","",Reporte1_1!#REF!) -> #REF! | E24: =IF(Reporte1_1!#REF!="","",Reporte1_1!#REF!) -> #REF! | F24: =IF(Reporte1_1!#REF!="","",Reporte1_1!#REF!) -> #REF! | G24: =IF(Reporte1_1!#REF!="","",Reporte1_1!#REF!) -> #REF! | H24: =IF(Reporte1_1!#REF!="","",Reporte1_1!#REF!) -> #REF! | ... Q24: =IF(Reporte1_1!#REF!="","",Reporte1_1!#REF!) -> #REF!
A25: =IF(Reporte1_1!#REF!="","",Reporte1_1!#REF!) -> #REF! | B25: =IF(Reporte1_1!#REF!="","",Reporte1_1!#REF!) -> #REF! | C25: =IF(Reporte1_1!#REF!="","",Reporte1_1!#REF!) -> #REF! | D25: =IF(Reporte1_1!#REF!="","",Reporte1_1!#REF!) -> #REF! | E25: =IF(Reporte1_1!#REF!="","",Reporte1_1!#REF!) -> #REF! | F25: =IF(Reporte1_1!#REF!="","",Reporte1_1!#REF!) -> #REF! | G25: =IF(Reporte1_1!#REF!="","",Reporte1_1!#REF!) -> #REF! | H25: =IF(Reporte1_1!#REF!="","",Reporte1_1!#REF!) -> #REF! | ... Q25: =IF(Reporte1_1!#REF!="","",Reporte1_1!#REF!) -> #REF!
A27: =IF(Reporte1_1!#REF!="","",Reporte1_1!#REF!) -> #REF! | B27: =IF(Reporte1_1!#REF!="","",Reporte1_1!#REF!) -> #REF! | C27: =IF(Reporte1_1!#REF!="","",Reporte1_1!#REF!) -> #REF! | D27: =IF(Reporte1_1!#REF!="","",Reporte1_1!#REF!) -> #REF! | E27: =IF(Reporte1_1!#REF!="","",Reporte1_1!#REF!) -> #REF! | F27: =IF(Reporte1_1!#REF!="","",Reporte1_1!#REF!) -> #REF! | G27: =IF(Reporte1_1!#REF!="","",Reporte1_1!#REF!) -> #REF! | H27: =IF(Reporte1_1!#REF!="","",Reporte1_1!#REF!) -> #REF! | ... Q27: =IF(Reporte1_1!#REF!="","",Reporte1_1!#REF!) -> #REF!
A28: =IF(Reporte1_1!#REF!="","",Reporte1_1!#REF!) -> #REF! | B28: =IF(Reporte1_1!#REF!="","",Reporte1_1!#REF!) -> #REF! | C28: =IF(Reporte1_1!#REF!="","",Reporte1_1!#REF!) -> #REF! | D28: =IF(Reporte1_1!#REF!="","",Reporte1_1!#REF!) -> #REF! | E28: =IF(Reporte1_1!#REF!="","",Reporte1_1!#REF!) -> #REF! | F28: =IF(Reporte1_1!#REF!="","",Reporte1_1!#REF!) -> #REF! | G28: =IF(Reporte1_1!#REF!="","",Reporte1_1!#REF!) -> #REF! | H28: =IF(Reporte1_1!#REF!="","",Reporte1_1!#REF!) -> #REF! | ... Q28: =IF(Reporte1_1!#REF!="","",Reporte1_1!#REF!) -> #REF!
A29: =IF(Reporte1_1!#REF!="","",Reporte1_1!#REF!) -> #REF! | B29: =IF(Reporte1_1!#REF!="","",Reporte1_1!#REF!) -> #REF! | C29: =IF(Reporte1_1!#REF!="","",Reporte1_1!#REF!) -> #REF! | D29: =IF(Reporte1_1!#REF!="","",Reporte1_1!#REF!) -> #REF! | E29: =IF(Reporte1_1!#REF!="","",Reporte1_1!#REF!) -> #REF! | F29: =IF(Reporte1_1!#REF!="","",Reporte1_1!#REF!) -> #REF! | G29: =IF(Reporte1_1!#REF!="","",Reporte1_1!#REF!) -> #REF! | H29: =IF(Reporte1_1!#REF!="","",Reporte1_1!#REF!) -> #REF! | ... Q29: =IF(Reporte1_1!#REF!="","",Reporte1_1!#REF!) -> #REF!
A30: =IF(Reporte1_1!#REF!="","",Reporte1_1!#REF!) -> #REF! | B30: =IF(Reporte1_1!#REF!="","",Reporte1_1!#REF!) -> #REF! | C30: =IF(Reporte1_1!#REF!="","",Reporte1_1!#REF!) -> #REF! | D30: =IF(Reporte1_1!#REF!="","",Reporte1_1!#REF!) -> #REF! | E30: =IF(Reporte1_1!#REF!="","",Reporte1_1!#REF!) -> #REF! | F30: =IF(Reporte1_1!#REF!="","",Reporte1_1!#REF!) -> #REF! | G30: =IF(Reporte1_1!#REF!="","",Reporte1_1!#REF!) -> #REF! | H30: =IF(Reporte1_1!#REF!="","",Reporte1_1!#REF!) -> #REF! | ... Q30: =IF(Reporte1_1!#REF!="","",Reporte1_1!#REF!) -> #REF!
A31: =IF(Reporte1_1!#REF!="","",Reporte1_1!#REF!) -> #REF! | B31: =IF(Reporte1_1!#REF!="","",Reporte1_1!#REF!) -> #REF! | C31: =IF(Reporte1_1!#REF!="","",Reporte1_1!#REF!) -> #REF! | D31: =IF(Reporte1_1!#REF!="","",Reporte1_1!#REF!) -> #REF! | E31: =IF(Reporte1_1!#REF!="","",Reporte1_1!#REF!) -> #REF! | F31: =IF(Reporte1_1!#REF!="","",Reporte1_1!#REF!) -> #REF! | G31: =IF(Reporte1_1!#REF!="","",Reporte1_1!#REF!) -> #REF! | H31: =IF(Reporte1_1!#REF!="","",Reporte1_1!#REF!) -> #REF! | ... Q31: =IF(Reporte1_1!#REF!="","",Reporte1_1!#REF!) -> #REF!
A32: =IF(Reporte1_1!#REF!="","",Reporte1_1!#REF!) -> #REF! | B32: =IF(Reporte1_1!#REF!="","",Reporte1_1!#REF!) -> #REF! | C32: =IF(Reporte1_1!#REF!="","",Reporte1_1!#REF!) -> #REF! | D32: =IF(Reporte1_1!#REF!="","",Reporte1_1!#REF!) -> #REF! | E32: =IF(Reporte1_1!#REF!="","",Reporte1_1!#REF!) -> #REF! | F32: =IF(Reporte1_1!#REF!="","",Reporte1_1!#REF!) -> #REF! | G32: =IF(Reporte1_1!#REF!="","",Reporte1_1!#REF!) -> #REF! | H32: =IF(Reporte1_1!#REF!="","",Reporte1_1!#REF!) -> #REF! | ... Q32: =IF(Reporte1_1!#REF!="","",Reporte1_1!#REF!) -> #REF!
A33: =IF(Reporte1_1!A36="","",Reporte1_1!A36) -> SCHAP-269UI | B33: =IF(Reporte1_1!C36="","",Reporte1_1!C36) -> 45952 | C33: =IF(Reporte1_1!G36="","",Reporte1_1!G36) -> 3 | D33: =IF(Reporte1_1!H36="","",Reporte1_1!H36) -> 321 | E33: =IF(Reporte1_1!I36="","",Reporte1_1!I36) -> 318 | F33: =IF(Reporte1_1!J36="","",Reporte1_1!J36) -> 3 | G33: =IF(Reporte1_1!K36="","",Reporte1_1!K36) -> 49.29 | H33: =IF(Reporte1_1!L36="","",Reporte1_1!L36) -> 0.94 | I33: =IF(Reporte1_1!M36="","",Reporte1_1!M36) -> 155 | J33: =IF(Reporte1_1!P36="","",Reporte1_1!P36) | K33: =IF(Reporte1_1!Q36="","",Reporte1_1!Q36) -> 19.4 | L33: =IF(Reporte1_1!R36="","",Reporte1_1!R36) -> 52 | M33: =IF(Reporte1_1!S36="","",Reporte1_1!S36) -> 0 | N33: =IF(Reporte1_1!T36="","",Reporte1_1!T36) -> 0 | O33: =IF(Reporte1_1!U36="","",Reporte1_1!U36) -> 120 | P33: =IF(Reporte1_1!W36="","",Reporte1_1!W36) -> 49 | Q33: =IF(Reporte1_1!X36="","",Reporte1_1!X36) -> 417
A34: =IF(Reporte1_1!#REF!="","",Reporte1_1!#REF!) -> #REF! | B34: =IF(Reporte1_1!#REF!="","",Reporte1_1!#REF!) -> #REF! | C34: =IF(Reporte1_1!#REF!="","",Reporte1_1!#REF!) -> #REF! | D34: =IF(Reporte1_1!#REF!="","",Reporte1_1!#REF!) -> #REF! | E34: =IF(Reporte1_1!#REF!="","",Reporte1_1!#REF!) -> #REF! | F34: =IF(Reporte1_1!#REF!="","",Reporte1_1!#REF!) -> #REF! | G34: =IF(Reporte1_1!#REF!="","",Reporte1_1!#REF!) -> #REF! | H34: =IF(Reporte1_1!#REF!="","",Reporte1_1!#REF!) -> #REF! | ... Q34: =IF(Reporte1_1!#REF!="","",Reporte1_1!#REF!) -> #REF!
A35: =IF(Reporte1_1!#REF!="","",Reporte1_1!#REF!) -> #REF! | B35: =IF(Reporte1_1!#REF!="","",Reporte1_1!#REF!) -> #REF! | C35: =IF(Reporte1_1!#REF!="","",Reporte1_1!#REF!) -> #REF! | D35: =IF(Reporte1_1!#REF!="","",Reporte1_1!#REF!) -> #REF! | E35: =IF(Reporte1_1!#REF!="","",Reporte1_1!#REF!) -> #REF! | F35: =IF(Reporte1_1!#REF!="","",Reporte1_1!#REF!) -> #REF! | G35: =IF(Reporte1_1!#REF!="","",Reporte1_1!#REF!) -> #REF! | H35: =IF(Reporte1_1!#REF!="","",Reporte1_1!#REF!) -> #REF! | ... Q35: =IF(Reporte1_1!#REF!="","",Reporte1_1!#REF!) -> #REF!
A36: =IF(Reporte1_1!#REF!="","",Reporte1_1!#REF!) -> #REF! | B36: =IF(Reporte1_1!#REF!="","",Reporte1_1!#REF!) -> #REF! | C36: =IF(Reporte1_1!#REF!="","",Reporte1_1!#REF!) -> #REF! | D36: =IF(Reporte1_1!#REF!="","",Reporte1_1!#REF!) -> #REF! | E36: =IF(Reporte1_1!#REF!="","",Reporte1_1!#REF!) -> #REF! | F36: =IF(Reporte1_1!#REF!="","",Reporte1_1!#REF!) -> #REF! | G36: =IF(Reporte1_1!#REF!="","",Reporte1_1!#REF!) -> #REF! | H36: =IF(Reporte1_1!#REF!="","",Reporte1_1!#REF!) -> #REF! | ... Q36: =IF(Reporte1_1!#REF!="","",Reporte1_1!#REF!) -> #REF!
A37: =IF(Reporte1_1!#REF!="","",Reporte1_1!#REF!) -> #REF! | B37: =IF(Reporte1_1!#REF!="","",Reporte1_1!#REF!) -> #REF! | C37: =IF(Reporte1_1!#REF!="","",Reporte1_1!#REF!) -> #REF! | D37: =IF(Reporte1_1!#REF!="","",Reporte1_1!#REF!) -> #REF! | E37: =IF(Reporte1_1!#REF!="","",Reporte1_1!#REF!) -> #REF! | F37: =IF(Reporte1_1!#REF!="","",Reporte1_1!#REF!) -> #REF! | G37: =IF(Reporte1_1!#REF!="","",Reporte1_1!#REF!) -> #REF! | H37: =IF(Reporte1_1!#REF!="","",Reporte1_1!#REF!) -> #REF! | ... Q37: =IF(Reporte1_1!#REF!="","",Reporte1_1!#REF!) -> #REF!
A38: =IF(Reporte1_1!#REF!="","",Reporte1_1!#REF!) -> #REF! | B38: =IF(Reporte1_1!#REF!="","",Reporte1_1!#REF!) -> #REF! | C38: =IF(Reporte1_1!#REF!="","",Reporte1_1!#REF!) -> #REF! | D38: =IF(Reporte1_1!#REF!="","",Reporte1_1!#REF!) -> #REF! | E38: =IF(Reporte1_1!#REF!="","",Reporte1_1!#REF!) -> #REF! | F38: =IF(Reporte1_1!#REF!="","",Reporte1_1!#REF!) -> #REF! | G38: =IF(Reporte1_1!#REF!="","",Reporte1_1!#REF!) -> #REF! | H38: =IF(Reporte1_1!#REF!="","",Reporte1_1!#REF!) -> #REF! | ... Q38: =IF(Reporte1_1!#REF!="","",Reporte1_1!#REF!) -> #REF!
A39: =IF(Reporte1_1!#REF!="","",Reporte1_1!#REF!) -> #REF! | B39: =IF(Reporte1_1!#REF!="","",Reporte1_1!#REF!) -> #REF! | C39: =IF(Reporte1_1!#REF!="","",Reporte1_1!#REF!) -> #REF! | D39: =IF(Reporte1_1!#REF!="","",Reporte1_1!#REF!) -> #REF! | E39: =IF(Reporte1_1!#REF!="","",Reporte1_1!#REF!) -> #REF! | F39: =IF(Reporte1_1!#REF!="","",Reporte1_1!#REF!) -> #REF! | G39: =IF(Reporte1_1!#REF!="","",Reporte1_1!#REF!) -> #REF! | H39: =IF(Reporte1_1!#REF!="","",Reporte1_1!#REF!) -> #REF! | ... Q39: =IF(Reporte1_1!#REF!="","",Reporte1_1!#REF!) -> #REF!
A40: =IF(Reporte1_1!#REF!="","",Reporte1_1!#REF!) -> #REF! | B40: =IF(Reporte1_1!#REF!="","",Reporte1_1!#REF!) -> #REF! | C40: =IF(Reporte1_1!#REF!="","",Reporte1_1!#REF!) -> #REF! | D40: =IF(Reporte1_1!#REF!="","",Reporte1_1!#REF!) -> #REF! | E40: =IF(Reporte1_1!#REF!="","",Reporte1_1!#REF!) -> #REF! | F40: =IF(Reporte1_1!#REF!="","",Reporte1_1!#REF!) -> #REF! | G40: =IF(Reporte1_1!#REF!="","",Reporte1_1!#REF!) -> #REF! | H40: =IF(Reporte1_1!#REF!="","",Reporte1_1!#REF!) -> #REF! | ... Q40: =IF(Reporte1_1!#REF!="","",Reporte1_1!#REF!) -> #REF!
A41: =IF(Reporte1_1!#REF!="","",Reporte1_1!#REF!) -> #REF! | B41: =IF(Reporte1_1!#REF!="","",Reporte1_1!#REF!) -> #REF! | C41: =IF(Reporte1_1!#REF!="","",Reporte1_1!#REF!) -> #REF! | D41: =IF(Reporte1_1!#REF!="","",Reporte1_1!#REF!) -> #REF! | E41: =IF(Reporte1_1!#REF!="","",Reporte1_1!#REF!) -> #REF! | F41: =IF(Reporte1_1!#REF!="","",Reporte1_1!#REF!) -> #REF! | G41: =IF(Reporte1_1!#REF!="","",Reporte1_1!#REF!) -> #REF! | H41: =IF(Reporte1_1!#REF!="","",Reporte1_1!#REF!) -> #REF! | ... Q41: =IF(Reporte1_1!#REF!="","",Reporte1_1!#REF!) -> #REF!
A42: =IF(Reporte1_1!#REF!="","",Reporte1_1!#REF!) -> #REF! | B42: =IF(Reporte1_1!#REF!="","",Reporte1_1!#REF!) -> #REF! | C42: =IF(Reporte1_1!#REF!="","",Reporte1_1!#REF!) -> #REF! | D42: =IF(Reporte1_1!#REF!="","",Reporte1_1!#REF!) -> #REF! | E42: =IF(Reporte1_1!#REF!="","",Reporte1_1!#REF!) -> #REF! | F42: =IF(Reporte1_1!#REF!="","",Reporte1_1!#REF!) -> #REF! | G42: =IF(Reporte1_1!#REF!="","",Reporte1_1!#REF!) -> #REF! | H42: =IF(Reporte1_1!#REF!="","",Reporte1_1!#REF!) -> #REF! | ... Q42: =IF(Reporte1_1!#REF!="","",Reporte1_1!#REF!) -> #REF!
A43: =IF(Reporte1_1!A50="","",Reporte1_1!A50) -> SCH-007T | B43: =IF(Reporte1_1!C50="","",Reporte1_1!C50) -> 45948 | C43: =IF(Reporte1_1!G50="","",Reporte1_1!G50) -> 3 | D43: =IF(Reporte1_1!H50="","",Reporte1_1!H50) -> 49 | E43: =IF(Reporte1_1!I50="","",Reporte1_1!I50) -> 10 | F43: =IF(Reporte1_1!J50="","",Reporte1_1!J50) -> 39 | G43: =IF(Reporte1_1!K50="","",Reporte1_1!K50) -> 2.89 | H43: =IF(Reporte1_1!L50="","",Reporte1_1!L50) -> 79.59 | I43: =IF(Reporte1_1!M50="","",Reporte1_1!M50) -> 289 | J43: =IF(Reporte1_1!P50="","",Reporte1_1!P50) | K43: =IF(Reporte1_1!Q50="","",Reporte1_1!Q50) -> 22.4 | L43: =IF(Reporte1_1!R50="","",Reporte1_1!R50) -> 65 | M43: =IF(Reporte1_1!S50="","",Reporte1_1!S50) -> 0 | N43: =IF(Reporte1_1!T50="","",Reporte1_1!T50) -> 0 | O43: =IF(Reporte1_1!U50="","",Reporte1_1!U50) -> 450 | P43: =IF(Reporte1_1!W50="","",Reporte1_1!W50) -> 58 | Q43: =IF(Reporte1_1!X50="","",Reporte1_1!X50) -> 459
A44: =IF(Reporte1_1!#REF!="","",Reporte1_1!#REF!) -> #REF! | B44: =IF(Reporte1_1!#REF!="","",Reporte1_1!#REF!) -> #REF! | C44: =IF(Reporte1_1!#REF!="","",Reporte1_1!#REF!) -> #REF! | D44: =IF(Reporte1_1!#REF!="","",Reporte1_1!#REF!) -> #REF! | E44: =IF(Reporte1_1!#REF!="","",Reporte1_1!#REF!) -> #REF! | F44: =IF(Reporte1_1!#REF!="","",Reporte1_1!#REF!) -> #REF! | G44: =IF(Reporte1_1!#REF!="","",Reporte1_1!#REF!) -> #REF! | H44: =IF(Reporte1_1!#REF!="","",Reporte1_1!#REF!) -> #REF! | ... Q44: =IF(Reporte1_1!#REF!="","",Reporte1_1!#REF!) -> #REF!
A45: =IF(Reporte1_1!#REF!="","",Reporte1_1!#REF!) -> #REF! | B45: =IF(Reporte1_1!#REF!="","",Reporte1_1!#REF!) -> #REF! | C45: =IF(Reporte1_1!#REF!="","",Reporte1_1!#REF!) -> #REF! | D45: =IF(Reporte1_1!#REF!="","",Reporte1_1!#REF!) -> #REF! | E45: =IF(Reporte1_1!#REF!="","",Reporte1_1!#REF!) -> #REF! | F45: =IF(Reporte1_1!#REF!="","",Reporte1_1!#REF!) -> #REF! | G45: =IF(Reporte1_1!#REF!="","",Reporte1_1!#REF!) -> #REF! | H45: =IF(Reporte1_1!#REF!="","",Reporte1_1!#REF!) -> #REF! | ... Q45: =IF(Reporte1_1!#REF!="","",Reporte1_1!#REF!) -> #REF!
A46: =IF(Reporte1_1!#REF!="","",Reporte1_1!#REF!) -> #REF! | B46: =IF(Reporte1_1!#REF!="","",Reporte1_1!#REF!) -> #REF! | C46: =IF(Reporte1_1!#REF!="","",Reporte1_1!#REF!) -> #REF! | D46: =IF(Reporte1_1!#REF!="","",Reporte1_1!#REF!) -> #REF! | E46: =IF(Reporte1_1!#REF!="","",Reporte1_1!#REF!) -> #REF! | F46: =IF(Reporte1_1!#REF!="","",Reporte1_1!#REF!) -> #REF! | G46: =IF(Reporte1_1!#REF!="","",Reporte1_1!#REF!) -> #REF! | H46: =IF(Reporte1_1!#REF!="","",Reporte1_1!#REF!) -> #REF! | ... Q46: =IF(Reporte1_1!#REF!="","",Reporte1_1!#REF!) -> #REF!
A47: =IF(Reporte1_1!#REF!="","",Reporte1_1!#REF!) -> #REF! | B47: =IF(Reporte1_1!#REF!="","",Reporte1_1!#REF!) -> #REF! | C47: =IF(Reporte1_1!#REF!="","",Reporte1_1!#REF!) -> #REF! | D47: =IF(Reporte1_1!#REF!="","",Reporte1_1!#REF!) -> #REF! | E47: =IF(Reporte1_1!#REF!="","",Reporte1_1!#REF!) -> #REF! | F47: =IF(Reporte1_1!#REF!="","",Reporte1_1!#REF!) -> #REF! | G47: =IF(Reporte1_1!#REF!="","",Reporte1_1!#REF!) -> #REF! | H47: =IF(Reporte1_1!#REF!="","",Reporte1_1!#REF!) -> #REF! | ... Q47: =IF(Reporte1_1!#REF!="","",Reporte1_1!#REF!) -> #REF!
A48: =IF(Reporte1_1!#REF!="","",Reporte1_1!#REF!) -> #REF! | B48: =IF(Reporte1_1!#REF!="","",Reporte1_1!#REF!) -> #REF! | C48: =IF(Reporte1_1!#REF!="","",Reporte1_1!#REF!) -> #REF! | D48: =IF(Reporte1_1!#REF!="","",Reporte1_1!#REF!) -> #REF! | E48: =IF(Reporte1_1!#REF!="","",Reporte1_1!#REF!) -> #REF! | F48: =IF(Reporte1_1!#REF!="","",Reporte1_1!#REF!) -> #REF! | G48: =IF(Reporte1_1!#REF!="","",Reporte1_1!#REF!) -> #REF! | H48: =IF(Reporte1_1!#REF!="","",Reporte1_1!#REF!) -> #REF! | ... Q48: =IF(Reporte1_1!#REF!="","",Reporte1_1!#REF!) -> #REF!
A49: =IF(Reporte1_1!#REF!="","",Reporte1_1!#REF!) -> #REF! | B49: =IF(Reporte1_1!#REF!="","",Reporte1_1!#REF!) -> #REF! | C49: =IF(Reporte1_1!#REF!="","",Reporte1_1!#REF!) -> #REF! | D49: =IF(Reporte1_1!#REF!="","",Reporte1_1!#REF!) -> #REF! | E49: =IF(Reporte1_1!#REF!="","",Reporte1_1!#REF!) -> #REF! | F49: =IF(Reporte1_1!#REF!="","",Reporte1_1!#REF!) -> #REF! | G49: =IF(Reporte1_1!#REF!="","",Reporte1_1!#REF!) -> #REF! | H49: =IF(Reporte1_1!#REF!="","",Reporte1_1!#REF!) -> #REF! | ... Q49: =IF(Reporte1_1!#REF!="","",Reporte1_1!#REF!) -> #REF!
A50: =IF(Reporte1_1!#REF!="","",Reporte1_1!#REF!) -> #REF! | B50: =IF(Reporte1_1!#REF!="","",Reporte1_1!#REF!) -> #REF! | C50: =IF(Reporte1_1!#REF!="","",Reporte1_1!#REF!) -> #REF! | D50: =IF(Reporte1_1!#REF!="","",Reporte1_1!#REF!) -> #REF! | E50: =IF(Reporte1_1!#REF!="","",Reporte1_1!#REF!) -> #REF! | F50: =IF(Reporte1_1!#REF!="","",Reporte1_1!#REF!) -> #REF! | G50: =IF(Reporte1_1!#REF!="","",Reporte1_1!#REF!) -> #REF! | H50: =IF(Reporte1_1!#REF!="","",Reporte1_1!#REF!) -> #REF! | ... Q50: =IF(Reporte1_1!#REF!="","",Reporte1_1!#REF!) -> #REF!
A51: =IF(Reporte1_1!#REF!="","",Reporte1_1!#REF!) -> #REF! | B51: =IF(Reporte1_1!#REF!="","",Reporte1_1!#REF!) -> #REF! | C51: =IF(Reporte1_1!#REF!="","",Reporte1_1!#REF!) -> #REF! | D51: =IF(Reporte1_1!#REF!="","",Reporte1_1!#REF!) -> #REF! | E51: =IF(Reporte1_1!#REF!="","",Reporte1_1!#REF!) -> #REF! | F51: =IF(Reporte1_1!#REF!="","",Reporte1_1!#REF!) -> #REF! | G51: =IF(Reporte1_1!#REF!="","",Reporte1_1!#REF!) -> #REF! | H51: =IF(Reporte1_1!#REF!="","",Reporte1_1!#REF!) -> #REF! | ... Q51: =IF(Reporte1_1!#REF!="","",Reporte1_1!#REF!) -> #REF!
A52: =IF(Reporte1_1!#REF!="","",Reporte1_1!#REF!) -> #REF! | B52: =IF(Reporte1_1!#REF!="","",Reporte1_1!#REF!) -> #REF! | C52: =IF(Reporte1_1!#REF!="","",Reporte1_1!#REF!) -> #REF! | D52: =IF(Reporte1_1!#REF!="","",Reporte1_1!#REF!) -> #REF! | E52: =IF(Reporte1_1!#REF!="","",Reporte1_1!#REF!) -> #REF! | F52: =IF(Reporte1_1!#REF!="","",Reporte1_1!#REF!) -> #REF! | G52: =IF(Reporte1_1!#REF!="","",Reporte1_1!#REF!) -> #REF! | H52: =IF(Reporte1_1!#REF!="","",Reporte1_1!#REF!) -> #REF! | ... Q52: =IF(Reporte1_1!#REF!="","",Reporte1_1!#REF!) -> #REF!
A53: =IF(Reporte1_1!#REF!="","",Reporte1_1!#REF!) -> #REF! | B53: =IF(Reporte1_1!#REF!="","",Reporte1_1!#REF!) -> #REF! | C53: =IF(Reporte1_1!#REF!="","",Reporte1_1!#REF!) -> #REF! | D53: =IF(Reporte1_1!#REF!="","",Reporte1_1!#REF!) -> #REF! | E53: =IF(Reporte1_1!#REF!="","",Reporte1_1!#REF!) -> #REF! | F53: =IF(Reporte1_1!#REF!="","",Reporte1_1!#REF!) -> #REF! | G53: =IF(Reporte1_1!#REF!="","",Reporte1_1!#REF!) -> #REF! | H53: =IF(Reporte1_1!#REF!="","",Reporte1_1!#REF!) -> #REF! | ... Q53: =IF(Reporte1_1!#REF!="","",Reporte1_1!#REF!) -> #REF!
A54: =IF(Reporte1_1!#REF!="","",Reporte1_1!#REF!) -> #REF! | B54: =IF(Reporte1_1!#REF!="","",Reporte1_1!#REF!) -> #REF! | C54: =IF(Reporte1_1!#REF!="","",Reporte1_1!#REF!) -> #REF! | D54: =IF(Reporte1_1!#REF!="","",Reporte1_1!#REF!) -> #REF! | E54: =IF(Reporte1_1!#REF!="","",Reporte1_1!#REF!) -> #REF! | F54: =IF(Reporte1_1!#REF!="","",Reporte1_1!#REF!) -> #REF! | G54: =IF(Reporte1_1!#REF!="","",Reporte1_1!#REF!) -> #REF! | H54: =IF(Reporte1_1!#REF!="","",Reporte1_1!#REF!) -> #REF! | ... Q54: =IF(Reporte1_1!#REF!="","",Reporte1_1!#REF!) -> #REF!
A55: =IF(Reporte1_1!#REF!="","",Reporte1_1!#REF!) -> #REF! | B55: =IF(Reporte1_1!#REF!="","",Reporte1_1!#REF!) -> #REF! | C55: =IF(Reporte1_1!#REF!="","",Reporte1_1!#REF!) -> #REF! | D55: =IF(Reporte1_1!#REF!="","",Reporte1_1!#REF!) -> #REF! | E55: =IF(Reporte1_1!#REF!="","",Reporte1_1!#REF!) -> #REF! | F55: =IF(Reporte1_1!#REF!="","",Reporte1_1!#REF!) -> #REF! | G55: =IF(Reporte1_1!#REF!="","",Reporte1_1!#REF!) -> #REF! | H55: =IF(Reporte1_1!#REF!="","",Reporte1_1!#REF!) -> #REF! | ... Q55: =IF(Reporte1_1!#REF!="","",Reporte1_1!#REF!) -> #REF!
... A70: =IF(Reporte1_1!#REF!="","",Reporte1_1!#REF!) -> #REF! | B70: =IF(Reporte1_1!#REF!="","",Reporte1_1!#REF!) -> #REF! | C70: =IF(Reporte1_1!#REF!="","",Reporte1_1!#REF!) -> #REF! | D70: =IF(Reporte1_1!#REF!="","",Reporte1_1!#REF!) -> #REF! | E70: =IF(Reporte1_1!#REF!="","",Reporte1_1!#REF!) -> #REF! | F70: =IF(Reporte1_1!#REF!="","",Reporte1_1!#REF!) -> #REF! | G70: =IF(Reporte1_1!#REF!="","",Reporte1_1!#REF!) -> #REF! | H70: =IF(Reporte1_1!#REF!="","",Reporte1_1!#REF!) -> #REF! | ... Q70: =IF(Reporte1_1!#REF!="","",Reporte1_1!#REF!) -> #REF!
A71: =IF(Reporte1_1!A78="","",Reporte1_1!A78) -> SCHD-250HS | B71: =IF(Reporte1_1!C78="","",Reporte1_1!C78) -> 45935 | C71: =IF(Reporte1_1!G78="","",Reporte1_1!G78) -> 4 | D71: =IF(Reporte1_1!H78="","",Reporte1_1!H78) -> 545 | E71: =IF(Reporte1_1!I78="","",Reporte1_1!I78) -> 534 | F71: =IF(Reporte1_1!J78="","",Reporte1_1!J78) -> 11 | G71: =IF(Reporte1_1!K78="","",Reporte1_1!K78) -> 4.18 | H71: =IF(Reporte1_1!L78="","",Reporte1_1!L78) -> 2.02 | I71: =IF(Reporte1_1!M78="","",Reporte1_1!M78) -> 8 | J71: =IF(Reporte1_1!P78="","",Reporte1_1!P78) | K71: =IF(Reporte1_1!Q78="","",Reporte1_1!Q78) -> 25.8 | L71: =IF(Reporte1_1!R78="","",Reporte1_1!R78) -> 51 | M71: =IF(Reporte1_1!S78="","",Reporte1_1!S78) -> 0 | N71: =IF(Reporte1_1!T78="","",Reporte1_1!T78) -> 0 | O71: =IF(Reporte1_1!U78="","",Reporte1_1!U78) -> 140 | P71: =IF(Reporte1_1!W78="","",Reporte1_1!W78) -> 22 | Q71: =IF(Reporte1_1!X78="","",Reporte1_1!X78) -> 382
A72: =IF(Reporte1_1!A79="","",Reporte1_1!A79) -> SCHD-253HS | B72: =IF(Reporte1_1!C79="","",Reporte1_1!C79) -> 45938 | C72: =IF(Reporte1_1!G79="","",Reporte1_1!G79) -> 5 | D72: =IF(Reporte1_1!H79="","",Reporte1_1!H79) -> 572 | E72: =IF(Reporte1_1!I79="","",Reporte1_1!I79) -> 446 | F72: =IF(Reporte1_1!J79="","",Reporte1_1!J79) -> 126 | G72: =IF(Reporte1_1!K79="","",Reporte1_1!K79) -> 9.76 | H72: =IF(Reporte1_1!L79="","",Reporte1_1!L79) -> 22.03 | I72: =IF(Reporte1_1!M79="","",Reporte1_1!M79) -> 22 | J72: =IF(Reporte1_1!P79="","",Reporte1_1!P79) | K72: =IF(Reporte1_1!Q79="","",Reporte1_1!Q79) -> 25.8 | L72: =IF(Reporte1_1!R79="","",Reporte1_1!R79) -> 46 | M72: =IF(Reporte1_1!S79="","",Reporte1_1!S79) -> 0 | N72: =IF(Reporte1_1!T79="","",Reporte1_1!T79) -> 0 | O72: =IF(Reporte1_1!U79="","",Reporte1_1!U79) -> 120 | P72: =IF(Reporte1_1!W79="","",Reporte1_1!W79) -> 24 | Q72: =IF(Reporte1_1!X79="","",Reporte1_1!X79) -> 368
A73: =IF(Reporte1_1!#REF!="","",Reporte1_1!#REF!) -> #REF! | B73: =IF(Reporte1_1!#REF!="","",Reporte1_1!#REF!) -> #REF! | C73: =IF(Reporte1_1!#REF!="","",Reporte1_1!#REF!) -> #REF! | D73: =IF(Reporte1_1!#REF!="","",Reporte1_1!#REF!) -> #REF! | E73: =IF(Reporte1_1!#REF!="","",Reporte1_1!#REF!) -> #REF! | F73: =IF(Reporte1_1!#REF!="","",Reporte1_1!#REF!) -> #REF! | G73: =IF(Reporte1_1!#REF!="","",Reporte1_1!#REF!) -> #REF! | H73: =IF(Reporte1_1!#REF!="","",Reporte1_1!#REF!) -> #REF! | ... Q73: =IF(Reporte1_1!#REF!="","",Reporte1_1!#REF!) -> #REF!
A74: =IF(Reporte1_1!#REF!="","",Reporte1_1!#REF!) -> #REF! | B74: =IF(Reporte1_1!#REF!="","",Reporte1_1!#REF!) -> #REF! | C74: =IF(Reporte1_1!#REF!="","",Reporte1_1!#REF!) -> #REF! | D74: =IF(Reporte1_1!#REF!="","",Reporte1_1!#REF!) -> #REF! | E74: =IF(Reporte1_1!#REF!="","",Reporte1_1!#REF!) -> #REF! | F74: =IF(Reporte1_1!#REF!="","",Reporte1_1!#REF!) -> #REF! | G74: =IF(Reporte1_1!#REF!="","",Reporte1_1!#REF!) -> #REF! | H74: =IF(Reporte1_1!#REF!="","",Reporte1_1!#REF!) -> #REF! | ... Q74: =IF(Reporte1_1!#REF!="","",Reporte1_1!#REF!) -> #REF!
A75: =IF(Reporte1_1!A80="","",Reporte1_1!A80) -> SCHD-256TI | B75: =IF(Reporte1_1!C80="","",Reporte1_1!C80) -> 45950 | C75: =IF(Reporte1_1!G80="","",Reporte1_1!G80) -> 4 | D75: =IF(Reporte1_1!H80="","",Reporte1_1!H80) -> 987 | E75: =IF(Reporte1_1!I80="","",Reporte1_1!I80) -> 967 | F75: =IF(Reporte1_1!J80="","",Reporte1_1!J80) -> 20 | G75: =IF(Reporte1_1!K80="","",Reporte1_1!K80) -> 290.18 | H75: =IF(Reporte1_1!L80="","",Reporte1_1!L80) -> 2.03 | I75: =IF(Reporte1_1!M80="","",Reporte1_1!M80) -> 300 | J75: =IF(Reporte1_1!P80="","",Reporte1_1!P80) | K75: =IF(Reporte1_1!Q80="","",Reporte1_1!Q80) -> 30.3 | L75: =IF(Reporte1_1!R80="","",Reporte1_1!R80) -> 58 | M75: =IF(Reporte1_1!S80="","",Reporte1_1!S80) -> 0 | N75: =IF(Reporte1_1!T80="","",Reporte1_1!T80) -> 0 | O75: =IF(Reporte1_1!U80="","",Reporte1_1!U80) -> 150 | P75: =IF(Reporte1_1!W80="","",Reporte1_1!W80) -> 30 | Q75: =IF(Reporte1_1!X80="","",Reporte1_1!X80) -> 463
A76: =IF(Reporte1_1!#REF!="","",Reporte1_1!#REF!) -> #REF! | B76: =IF(Reporte1_1!#REF!="","",Reporte1_1!#REF!) -> #REF! | C76: =IF(Reporte1_1!#REF!="","",Reporte1_1!#REF!) -> #REF! | D76: =IF(Reporte1_1!#REF!="","",Reporte1_1!#REF!) -> #REF! | E76: =IF(Reporte1_1!#REF!="","",Reporte1_1!#REF!) -> #REF! | F76: =IF(Reporte1_1!#REF!="","",Reporte1_1!#REF!) -> #REF! | G76: =IF(Reporte1_1!#REF!="","",Reporte1_1!#REF!) -> #REF! | H76: =IF(Reporte1_1!#REF!="","",Reporte1_1!#REF!) -> #REF! | ... Q76: =IF(Reporte1_1!#REF!="","",Reporte1_1!#REF!) -> #REF!
A77: =IF(Reporte1_1!#REF!="","",Reporte1_1!#REF!) -> #REF! | B77: =IF(Reporte1_1!#REF!="","",Reporte1_1!#REF!) -> #REF! | C77: =IF(Reporte1_1!#REF!="","",Reporte1_1!#REF!) -> #REF! | D77: =IF(Reporte1_1!#REF!="","",Reporte1_1!#REF!) -> #REF! | E77: =IF(Reporte1_1!#REF!="","",Reporte1_1!#REF!) -> #REF! | F77: =IF(Reporte1_1!#REF!="","",Reporte1_1!#REF!) -> #REF! | G77: =IF(Reporte1_1!#REF!="","",Reporte1_1!#REF!) -> #REF! | H77: =IF(Reporte1_1!#REF!="","",Reporte1_1!#REF!) -> #REF! | ... Q77: =IF(Reporte1_1!#REF!="","",Reporte1_1!#REF!) -> #REF!
A78: =IF(Reporte1_1!A81="","",Reporte1_1!A81) -> SCHD-620HS | B78: =IF(Reporte1_1!C81="","",Reporte1_1!C81) -> 45949 | C78: =IF(Reporte1_1!G81="","",Reporte1_1!G81) -> 5 | D78: =IF(Reporte1_1!H81="","",Reporte1_1!H81) -> 330 | E78: =IF(Reporte1_1!I81="","",Reporte1_1!I81) -> 290 | F78: =IF(Reporte1_1!J81="","",Reporte1_1!J81) -> 40 | G78: =IF(Reporte1_1!K81="","",Reporte1_1!K81) -> 43.85 | H78: =IF(Reporte1_1!L81="","",Reporte1_1!L81) -> 12.12 | I78: =IF(Reporte1_1!M81="","",Reporte1_1!M81) -> 151 | J78: =IF(Reporte1_1!P81="","",Reporte1_1!P81) | K78: =IF(Reporte1_1!Q81="","",Reporte1_1!Q81) -> 26.4 | L78: =IF(Reporte1_1!R81="","",Reporte1_1!R81) -> 52 | M78: =IF(Reporte1_1!S81="","",Reporte1_1!S81) -> 0 | N78: =IF(Reporte1_1!T81="","",Reporte1_1!T81) -> 0 | O78: =IF(Reporte1_1!U81="","",Reporte1_1!U81) -> 300 | P78: =IF(Reporte1_1!W81="","",Reporte1_1!W81) -> 34 | Q78: =IF(Reporte1_1!X81="","",Reporte1_1!X81) -> 389
A79: =IF(Reporte1_1!#REF!="","",Reporte1_1!#REF!) -> #REF! | B79: =IF(Reporte1_1!#REF!="","",Reporte1_1!#REF!) -> #REF! | C79: =IF(Reporte1_1!#REF!="","",Reporte1_1!#REF!) -> #REF! | D79: =IF(Reporte1_1!#REF!="","",Reporte1_1!#REF!) -> #REF! | E79: =IF(Reporte1_1!#REF!="","",Reporte1_1!#REF!) -> #REF! | F79: =IF(Reporte1_1!#REF!="","",Reporte1_1!#REF!) -> #REF! | G79: =IF(Reporte1_1!#REF!="","",Reporte1_1!#REF!) -> #REF! | H79: =IF(Reporte1_1!#REF!="","",Reporte1_1!#REF!) -> #REF! | ... Q79: =IF(Reporte1_1!#REF!="","",Reporte1_1!#REF!) -> #REF!
A80: =IF(Reporte1_1!#REF!="","",Reporte1_1!#REF!) -> #REF! | B80: =IF(Reporte1_1!#REF!="","",Reporte1_1!#REF!) -> #REF! | C80: =IF(Reporte1_1!#REF!="","",Reporte1_1!#REF!) -> #REF! | D80: =IF(Reporte1_1!#REF!="","",Reporte1_1!#REF!) -> #REF! | E80: =IF(Reporte1_1!#REF!="","",Reporte1_1!#REF!) -> #REF! | F80: =IF(Reporte1_1!#REF!="","",Reporte1_1!#REF!) -> #REF! | G80: =IF(Reporte1_1!#REF!="","",Reporte1_1!#REF!) -> #REF! | H80: =IF(Reporte1_1!#REF!="","",Reporte1_1!#REF!) -> #REF! | ... Q80: =IF(Reporte1_1!#REF!="","",Reporte1_1!#REF!) -> #REF!
A81: =IF(Reporte1_1!A83="","",Reporte1_1!A83) -> SCHF-247TI | B81: =IF(Reporte1_1!C83="","",Reporte1_1!C83) -> 45933 | C81: =IF(Reporte1_1!G83="","",Reporte1_1!G83) -> 4 | D81: =IF(Reporte1_1!H83="","",Reporte1_1!H83) -> 141 | E81: =IF(Reporte1_1!I83="","",Reporte1_1!I83) -> 130 | F81: =IF(Reporte1_1!J83="","",Reporte1_1!J83) -> 11 | G81: =IF(Reporte1_1!K83="","",Reporte1_1!K83) -> 37.57 | H81: =IF(Reporte1_1!L83="","",Reporte1_1!L83) -> 7.8 | I81: =IF(Reporte1_1!M83="","",Reporte1_1!M83) -> 289 | J81: =IF(Reporte1_1!P83="","",Reporte1_1!P83) | K81: =IF(Reporte1_1!Q83="","",Reporte1_1!Q83) -> 29.2 | L81: =IF(Reporte1_1!R83="","",Reporte1_1!R83) -> 58 | M81: =IF(Reporte1_1!S83="","",Reporte1_1!S83) -> 0 | N81: =IF(Reporte1_1!T83="","",Reporte1_1!T83) -> 0 | O81: =IF(Reporte1_1!U83="","",Reporte1_1!U83) -> 140 | P81: =IF(Reporte1_1!W83="","",Reporte1_1!W83) -> 33 | Q81: =IF(Reporte1_1!X83="","",Reporte1_1!X83) -> 435
A82: =IF(Reporte1_1!A84="","",Reporte1_1!A84) -> SCHN-163S1TI | B82: =IF(Reporte1_1!C84="","",Reporte1_1!C84) -> 45948 | C82: =IF(Reporte1_1!G84="","",Reporte1_1!G84) -> 5 | D82: =IF(Reporte1_1!H84="","",Reporte1_1!H84) -> 485 | E82: =IF(Reporte1_1!I84="","",Reporte1_1!I84) -> 427 | F82: =IF(Reporte1_1!J84="","",Reporte1_1!J84) -> 58 | G82: =IF(Reporte1_1!K84="","",Reporte1_1!K84) -> 123.4 | H82: =IF(Reporte1_1!L84="","",Reporte1_1!L84) -> 11.96 | I82: =IF(Reporte1_1!M84="","",Reporte1_1!M84) -> 289 | J82: =IF(Reporte1_1!P84="","",Reporte1_1!P84) | K82: =IF(Reporte1_1!Q84="","",Reporte1_1!Q84) -> 28.7 | L82: =IF(Reporte1_1!R84="","",Reporte1_1!R84) -> 59 | M82: =IF(Reporte1_1!S84="","",Reporte1_1!S84) -> 0 | N82: =IF(Reporte1_1!T84="","",Reporte1_1!T84) -> 0 | O82: =IF(Reporte1_1!U84="","",Reporte1_1!U84) -> 250 | P82: =IF(Reporte1_1!W84="","",Reporte1_1!W84) -> 25 | Q82: =IF(Reporte1_1!X84="","",Reporte1_1!X84) -> 473
A83: =IF(Reporte1_1!#REF!="","",Reporte1_1!#REF!) -> #REF! | B83: =IF(Reporte1_1!#REF!="","",Reporte1_1!#REF!) -> #REF! | C83: =IF(Reporte1_1!#REF!="","",Reporte1_1!#REF!) -> #REF! | D83: =IF(Reporte1_1!#REF!="","",Reporte1_1!#REF!) -> #REF! | E83: =IF(Reporte1_1!#REF!="","",Reporte1_1!#REF!) -> #REF! | F83: =IF(Reporte1_1!#REF!="","",Reporte1_1!#REF!) -> #REF! | G83: =IF(Reporte1_1!#REF!="","",Reporte1_1!#REF!) -> #REF! | H83: =IF(Reporte1_1!#REF!="","",Reporte1_1!#REF!) -> #REF! | ... Q83: =IF(Reporte1_1!#REF!="","",Reporte1_1!#REF!) -> #REF!
A84: =IF(Reporte1_1!#REF!="","",Reporte1_1!#REF!) -> #REF! | B84: =IF(Reporte1_1!#REF!="","",Reporte1_1!#REF!) -> #REF! | C84: =IF(Reporte1_1!#REF!="","",Reporte1_1!#REF!) -> #REF! | D84: =IF(Reporte1_1!#REF!="","",Reporte1_1!#REF!) -> #REF! | E84: =IF(Reporte1_1!#REF!="","",Reporte1_1!#REF!) -> #REF! | F84: =IF(Reporte1_1!#REF!="","",Reporte1_1!#REF!) -> #REF! | G84: =IF(Reporte1_1!#REF!="","",Reporte1_1!#REF!) -> #REF! | H84: =IF(Reporte1_1!#REF!="","",Reporte1_1!#REF!) -> #REF! | ... Q84: =IF(Reporte1_1!#REF!="","",Reporte1_1!#REF!) -> #REF!
A85: =IF(Reporte1_1!#REF!="","",Reporte1_1!#REF!) -> #REF! | B85: =IF(Reporte1_1!#REF!="","",Reporte1_1!#REF!) -> #REF! | C85: =IF(Reporte1_1!#REF!="","",Reporte1_1!#REF!) -> #REF! | D85: =IF(Reporte1_1!#REF!="","",Reporte1_1!#REF!) -> #REF! | E85: =IF(Reporte1_1!#REF!="","",Reporte1_1!#REF!) -> #REF! | F85: =IF(Reporte1_1!#REF!="","",Reporte1_1!#REF!) -> #REF! | G85: =IF(Reporte1_1!#REF!="","",Reporte1_1!#REF!) -> #REF! | H85: =IF(Reporte1_1!#REF!="","",Reporte1_1!#REF!) -> #REF! | ... Q85: =IF(Reporte1_1!#REF!="","",Reporte1_1!#REF!) -> #REF!
A86: =IF(Reporte1_1!A90="","",Reporte1_1!A90) | B86: =IF(Reporte1_1!C90="","",Reporte1_1!C90) | C86: =IF(Reporte1_1!G90="","",Reporte1_1!G90) | D86: =IF(Reporte1_1!H90="","",Reporte1_1!H90) | E86: =IF(Reporte1_1!I90="","",Reporte1_1!I90) | F86: =IF(Reporte1_1!J90="","",Reporte1_1!J90) | G86: =IF(Reporte1_1!K90="","",Reporte1_1!K90) | H86: =IF(Reporte1_1!L90="","",Reporte1_1!L90) | I86: =IF(Reporte1_1!M90="","",Reporte1_1!M90) | J86: =IF(Reporte1_1!P90="","",Reporte1_1!P90) | K86: =IF(Reporte1_1!Q90="","",Reporte1_1!Q90) | L86: =IF(Reporte1_1!R90="","",Reporte1_1!R90) | M86: =IF(Reporte1_1!S90="","",Reporte1_1!S90) | N86: =IF(Reporte1_1!T90="","",Reporte1_1!T90) | O86: =IF(Reporte1_1!U90="","",Reporte1_1!U90) -> CABEZA | P86: =IF(Reporte1_1!W90="","",Reporte1_1!W90) | Q86: =IF(Reporte1_1!X90="","",Reporte1_1!X90)
A87: =IF(Reporte1_1!#REF!="","",Reporte1_1!#REF!) -> #REF! | B87: =IF(Reporte1_1!#REF!="","",Reporte1_1!#REF!) -> #REF! | C87: =IF(Reporte1_1!#REF!="","",Reporte1_1!#REF!) -> #REF! | D87: =IF(Reporte1_1!#REF!="","",Reporte1_1!#REF!) -> #REF! | E87: =IF(Reporte1_1!#REF!="","",Reporte1_1!#REF!) -> #REF! | F87: =IF(Reporte1_1!#REF!="","",Reporte1_1!#REF!) -> #REF! | G87: =IF(Reporte1_1!#REF!="","",Reporte1_1!#REF!) -> #REF! | H87: =IF(Reporte1_1!#REF!="","",Reporte1_1!#REF!) -> #REF! | ... Q87: =IF(Reporte1_1!#REF!="","",Reporte1_1!#REF!) -> #REF!
A88: =IF(Reporte1_1!#REF!="","",Reporte1_1!#REF!) -> #REF! | B88: =IF(Reporte1_1!#REF!="","",Reporte1_1!#REF!) -> #REF! | C88: =IF(Reporte1_1!#REF!="","",Reporte1_1!#REF!) -> #REF! | D88: =IF(Reporte1_1!#REF!="","",Reporte1_1!#REF!) -> #REF! | E88: =IF(Reporte1_1!#REF!="","",Reporte1_1!#REF!) -> #REF! | F88: =IF(Reporte1_1!#REF!="","",Reporte1_1!#REF!) -> #REF! | G88: =IF(Reporte1_1!#REF!="","",Reporte1_1!#REF!) -> #REF! | H88: =IF(Reporte1_1!#REF!="","",Reporte1_1!#REF!) -> #REF! | ... Q88: =IF(Reporte1_1!#REF!="","",Reporte1_1!#REF!) -> #REF!
A89: =IF(Reporte1_1!#REF!="","",Reporte1_1!#REF!) -> #REF! | B89: =IF(Reporte1_1!#REF!="","",Reporte1_1!#REF!) -> #REF! | C89: =IF(Reporte1_1!#REF!="","",Reporte1_1!#REF!) -> #REF! | D89: =IF(Reporte1_1!#REF!="","",Reporte1_1!#REF!) -> #REF! | E89: =IF(Reporte1_1!#REF!="","",Reporte1_1!#REF!) -> #REF! | F89: =IF(Reporte1_1!#REF!="","",Reporte1_1!#REF!) -> #REF! | G89: =IF(Reporte1_1!#REF!="","",Reporte1_1!#REF!) -> #REF! | H89: =IF(Reporte1_1!#REF!="","",Reporte1_1!#REF!) -> #REF! | ... Q89: =IF(Reporte1_1!#REF!="","",Reporte1_1!#REF!) -> #REF!
A90: =IF(Reporte1_1!#REF!="","",Reporte1_1!#REF!) -> #REF! | B90: =IF(Reporte1_1!#REF!="","",Reporte1_1!#REF!) -> #REF! | C90: =IF(Reporte1_1!#REF!="","",Reporte1_1!#REF!) -> #REF! | D90: =IF(Reporte1_1!#REF!="","",Reporte1_1!#REF!) -> #REF! | E90: =IF(Reporte1_1!#REF!="","",Reporte1_1!#REF!) -> #REF! | F90: =IF(Reporte1_1!#REF!="","",Reporte1_1!#REF!) -> #REF! | G90: =IF(Reporte1_1!#REF!="","",Reporte1_1!#REF!) -> #REF! | H90: =IF(Reporte1_1!#REF!="","",Reporte1_1!#REF!) -> #REF! | ... Q90: =IF(Reporte1_1!#REF!="","",Reporte1_1!#REF!) -> #REF!
A91: =IF(Reporte1_1!#REF!="","",Reporte1_1!#REF!) -> #REF! | B91: =IF(Reporte1_1!#REF!="","",Reporte1_1!#REF!) -> #REF! | C91: =IF(Reporte1_1!#REF!="","",Reporte1_1!#REF!) -> #REF! | D91: =IF(Reporte1_1!#REF!="","",Reporte1_1!#REF!) -> #REF! | E91: =IF(Reporte1_1!#REF!="","",Reporte1_1!#REF!) -> #REF! | F91: =IF(Reporte1_1!#REF!="","",Reporte1_1!#REF!) -> #REF! | G91: =IF(Reporte1_1!#REF!="","",Reporte1_1!#REF!) -> #REF! | H91: =IF(Reporte1_1!#REF!="","",Reporte1_1!#REF!) -> #REF! | ... Q91: =IF(Reporte1_1!#REF!="","",Reporte1_1!#REF!) -> #REF!
A92: =IF(Reporte1_1!#REF!="","",Reporte1_1!#REF!) -> #REF! | B92: =IF(Reporte1_1!#REF!="","",Reporte1_1!#REF!) -> #REF! | C92: =IF(Reporte1_1!#REF!="","",Reporte1_1!#REF!) -> #REF! | D92: =IF(Reporte1_1!#REF!="","",Reporte1_1!#REF!) -> #REF! | E92: =IF(Reporte1_1!#REF!="","",Reporte1_1!#REF!) -> #REF! | F92: =IF(Reporte1_1!#REF!="","",Reporte1_1!#REF!) -> #REF! | G92: =IF(Reporte1_1!#REF!="","",Reporte1_1!#REF!) -> #REF! | H92: =IF(Reporte1_1!#REF!="","",Reporte1_1!#REF!) -> #REF! | ... Q92: =IF(Reporte1_1!#REF!="","",Reporte1_1!#REF!) -> #REF!
A93: =IF(Reporte1_1!#REF!="","",Reporte1_1!#REF!) -> #REF! | B93: =IF(Reporte1_1!#REF!="","",Reporte1_1!#REF!) -> #REF! | C93: =IF(Reporte1_1!#REF!="","",Reporte1_1!#REF!) -> #REF! | D93: =IF(Reporte1_1!#REF!="","",Reporte1_1!#REF!) -> #REF! | E93: =IF(Reporte1_1!#REF!="","",Reporte1_1!#REF!) -> #REF! | F93: =IF(Reporte1_1!#REF!="","",Reporte1_1!#REF!) -> #REF! | G93: =IF(Reporte1_1!#REF!="","",Reporte1_1!#REF!) -> #REF! | H93: =IF(Reporte1_1!#REF!="","",Reporte1_1!#REF!) -> #REF! | ... Q93: =IF(Reporte1_1!#REF!="","",Reporte1_1!#REF!) -> #REF!
A94: =IF(Reporte1_1!#REF!="","",Reporte1_1!#REF!) -> #REF! | B94: =IF(Reporte1_1!#REF!="","",Reporte1_1!#REF!) -> #REF! | C94: =IF(Reporte1_1!#REF!="","",Reporte1_1!#REF!) -> #REF! | D94: =IF(Reporte1_1!#REF!="","",Reporte1_1!#REF!) -> #REF! | E94: =IF(Reporte1_1!#REF!="","",Reporte1_1!#REF!) -> #REF! | F94: =IF(Reporte1_1!#REF!="","",Reporte1_1!#REF!) -> #REF! | G94: =IF(Reporte1_1!#REF!="","",Reporte1_1!#REF!) -> #REF! | H94: =IF(Reporte1_1!#REF!="","",Reporte1_1!#REF!) -> #REF! | ... Q94: =IF(Reporte1_1!#REF!="","",Reporte1_1!#REF!) -> #REF!
A95: =IF(Reporte1_1!#REF!="","",Reporte1_1!#REF!) -> #REF! | B95: =IF(Reporte1_1!#REF!="","",Reporte1_1!#REF!) -> #REF! | C95: =IF(Reporte1_1!#REF!="","",Reporte1_1!#REF!) -> #REF! | D95: =IF(Reporte1_1!#REF!="","",Reporte1_1!#REF!) -> #REF! | E95: =IF(Reporte1_1!#REF!="","",Reporte1_1!#REF!) -> #REF! | F95: =IF(Reporte1_1!#REF!="","",Reporte1_1!#REF!) -> #REF! | G95: =IF(Reporte1_1!#REF!="","",Reporte1_1!#REF!) -> #REF! | H95: =IF(Reporte1_1!#REF!="","",Reporte1_1!#REF!) -> #REF! | ... Q95: =IF(Reporte1_1!#REF!="","",Reporte1_1!#REF!) -> #REF!
A96: =IF(Reporte1_1!#REF!="","",Reporte1_1!#REF!) -> #REF! | B96: =IF(Reporte1_1!#REF!="","",Reporte1_1!#REF!) -> #REF! | C96: =IF(Reporte1_1!#REF!="","",Reporte1_1!#REF!) -> #REF! | D96: =IF(Reporte1_1!#REF!="","",Reporte1_1!#REF!) -> #REF! | E96: =IF(Reporte1_1!#REF!="","",Reporte1_1!#REF!) -> #REF! | F96: =IF(Reporte1_1!#REF!="","",Reporte1_1!#REF!) -> #REF! | G96: =IF(Reporte1_1!#REF!="","",Reporte1_1!#REF!) -> #REF! | H96: =IF(Reporte1_1!#REF!="","",Reporte1_1!#REF!) -> #REF! | ... Q96: =IF(Reporte1_1!#REF!="","",Reporte1_1!#REF!) -> #REF!
A97: =IF(Reporte1_1!#REF!="","",Reporte1_1!#REF!) -> #REF! | B97: =IF(Reporte1_1!#REF!="","",Reporte1_1!#REF!) -> #REF! | C97: =IF(Reporte1_1!#REF!="","",Reporte1_1!#REF!) -> #REF! | D97: =IF(Reporte1_1!#REF!="","",Reporte1_1!#REF!) -> #REF! | E97: =IF(Reporte1_1!#REF!="","",Reporte1_1!#REF!) -> #REF! | F97: =IF(Reporte1_1!#REF!="","",Reporte1_1!#REF!) -> #REF! | G97: =IF(Reporte1_1!#REF!="","",Reporte1_1!#REF!) -> #REF! | H97: =IF(Reporte1_1!#REF!="","",Reporte1_1!#REF!) -> #REF! | ... Q97: =IF(Reporte1_1!#REF!="","",Reporte1_1!#REF!) -> #REF!
A98: =IF(Reporte1_1!#REF!="","",Reporte1_1!#REF!) -> #REF! | B98: =IF(Reporte1_1!#REF!="","",Reporte1_1!#REF!) -> #REF! | C98: =IF(Reporte1_1!#REF!="","",Reporte1_1!#REF!) -> #REF! | D98: =IF(Reporte1_1!#REF!="","",Reporte1_1!#REF!) -> #REF! | E98: =IF(Reporte1_1!#REF!="","",Reporte1_1!#REF!) -> #REF! | F98: =IF(Reporte1_1!#REF!="","",Reporte1_1!#REF!) -> #REF! | G98: =IF(Reporte1_1!#REF!="","",Reporte1_1!#REF!) -> #REF! | H98: =IF(Reporte1_1!#REF!="","",Reporte1_1!#REF!) -> #REF! | ... Q98: =IF(Reporte1_1!#REF!="","",Reporte1_1!#REF!) -> #REF!
... A109: =IF(Reporte1_1!#REF!="","",Reporte1_1!#REF!) -> #REF! | B109: =IF(Reporte1_1!#REF!="","",Reporte1_1!#REF!) -> #REF! | C109: =IF(Reporte1_1!#REF!="","",Reporte1_1!#REF!) -> #REF! | D109: =IF(Reporte1_1!#REF!="","",Reporte1_1!#REF!) -> #REF! | E109: =IF(Reporte1_1!#REF!="","",Reporte1_1!#REF!) -> #REF! | F109: =IF(Reporte1_1!#REF!="","",Reporte1_1!#REF!) -> #REF! | G109: =IF(Reporte1_1!#REF!="","",Reporte1_1!#REF!) -> #REF! | H109: =IF(Reporte1_1!#REF!="","",Reporte1_1!#REF!) -> #REF! | ... Q109: =IF(Reporte1_1!#REF!="","",Reporte1_1!#REF!) -> #REF!
A110: =IF(Reporte1_1!A106="","",Reporte1_1!A106) -> SCHAL-448R1UI | B110: =IF(Reporte1_1!C106="","",Reporte1_1!C106) -> 45937 | C110: =IF(Reporte1_1!G106="","",Reporte1_1!G106) -> 6 | D110: =IF(Reporte1_1!H106="","",Reporte1_1!H106) -> 231 | E110: =IF(Reporte1_1!I106="","",Reporte1_1!I106) -> 222 | F110: =IF(Reporte1_1!J106="","",Reporte1_1!J106) -> 9 | G110: =IF(Reporte1_1!K106="","",Reporte1_1!K106) -> 45.07 | H110: =IF(Reporte1_1!L106="","",Reporte1_1!L106) -> 3.9 | I110: =IF(Reporte1_1!M106="","",Reporte1_1!M106) -> 203 | J110: =IF(Reporte1_1!P106="","",Reporte1_1!P106) | K110: =IF(Reporte1_1!Q106="","",Reporte1_1!Q106) -> 25.8 | L110: =IF(Reporte1_1!R106="","",Reporte1_1!R106) -> 152 | M110: =IF(Reporte1_1!S106="","",Reporte1_1!S106) -> 0 | N110: =IF(Reporte1_1!T106="","",Reporte1_1!T106) -> 0 | O110: =IF(Reporte1_1!U106="","",Reporte1_1!U106) -> 125 | P110: =IF(Reporte1_1!W106="","",Reporte1_1!W106) -> 20.6 | Q110: =IF(Reporte1_1!X106="","",Reporte1_1!X106) -> 355
A111: =IF(Reporte1_1!A107="","",Reporte1_1!A107) -> SCHAL-542HS | B111: =IF(Reporte1_1!C107="","",Reporte1_1!C107) -> 45942 | C111: =IF(Reporte1_1!G107="","",Reporte1_1!G107) -> 8 | D111: =IF(Reporte1_1!H107="","",Reporte1_1!H107) -> 184 | E111: =IF(Reporte1_1!I107="","",Reporte1_1!I107) -> 169 | F111: =IF(Reporte1_1!J107="","",Reporte1_1!J107) -> 15 | G111: =IF(Reporte1_1!K107="","",Reporte1_1!K107) -> 25.69 | H111: =IF(Reporte1_1!L107="","",Reporte1_1!L107) -> 8.15 | I111: =IF(Reporte1_1!M107="","",Reporte1_1!M107) -> 152 | J111: =IF(Reporte1_1!P107="","",Reporte1_1!P107) | K111: =IF(Reporte1_1!Q107="","",Reporte1_1!Q107) -> 23.1 | L111: =IF(Reporte1_1!R107="","",Reporte1_1!R107) -> 49 | M111: =IF(Reporte1_1!S107="","",Reporte1_1!S107) -> 0 | N111: =IF(Reporte1_1!T107="","",Reporte1_1!T107) -> 0 | O111: =IF(Reporte1_1!U107="","",Reporte1_1!U107) -> 470 | P111: =IF(Reporte1_1!W107="","",Reporte1_1!W107) -> 28.2 | Q111: =IF(Reporte1_1!X107="","",Reporte1_1!X107) -> 391
A112: =IF(Reporte1_1!A108="","",Reporte1_1!A108) -> SCHAL-579UI | B112: =IF(Reporte1_1!C108="","",Reporte1_1!C108) -> 45942 | C112: =IF(Reporte1_1!G108="","",Reporte1_1!G108) -> 8 | D112: =IF(Reporte1_1!H108="","",Reporte1_1!H108) -> 505 | E112: =IF(Reporte1_1!I108="","",Reporte1_1!I108) -> 182 | F112: =IF(Reporte1_1!J108="","",Reporte1_1!J108) -> 323 | G112: =IF(Reporte1_1!K108="","",Reporte1_1!K108) -> 28.27 | H112: =IF(Reporte1_1!L108="","",Reporte1_1!L108) -> 63.96 | I112: =IF(Reporte1_1!M108="","",Reporte1_1!M108) -> 155 | J112: =IF(Reporte1_1!P108="","",Reporte1_1!P108) | K112: =IF(Reporte1_1!Q108="","",Reporte1_1!Q108) -> 23.6 | L112: =IF(Reporte1_1!R108="","",Reporte1_1!R108) -> 59 | M112: =IF(Reporte1_1!S108="","",Reporte1_1!S108) -> 0 | N112: =IF(Reporte1_1!T108="","",Reporte1_1!T108) -> 0 | O112: =IF(Reporte1_1!U108="","",Reporte1_1!U108) -> 130 | P112: =IF(Reporte1_1!W108="","",Reporte1_1!W108) -> 35 | Q112: =IF(Reporte1_1!X108="","",Reporte1_1!X108) -> 472
A113: =IF(Reporte1_1!#REF!="","",Reporte1_1!#REF!) -> #REF! | B113: =IF(Reporte1_1!#REF!="","",Reporte1_1!#REF!) -> #REF! | C113: =IF(Reporte1_1!#REF!="","",Reporte1_1!#REF!) -> #REF! | D113: =IF(Reporte1_1!#REF!="","",Reporte1_1!#REF!) -> #REF! | E113: =IF(Reporte1_1!#REF!="","",Reporte1_1!#REF!) -> #REF! | F113: =IF(Reporte1_1!#REF!="","",Reporte1_1!#REF!) -> #REF! | G113: =IF(Reporte1_1!#REF!="","",Reporte1_1!#REF!) -> #REF! | H113: =IF(Reporte1_1!#REF!="","",Reporte1_1!#REF!) -> #REF! | ... Q113: =IF(Reporte1_1!#REF!="","",Reporte1_1!#REF!) -> #REF!
A114: =IF(Reporte1_1!A110="","",Reporte1_1!A110) -> SCHAM-451HS | B114: =IF(Reporte1_1!C110="","",Reporte1_1!C110) -> 45946 | C114: =IF(Reporte1_1!G110="","",Reporte1_1!G110) -> 4 | D114: =IF(Reporte1_1!H110="","",Reporte1_1!H110) -> 344 | E114: =IF(Reporte1_1!I110="","",Reporte1_1!I110) -> 323 | F114: =IF(Reporte1_1!J110="","",Reporte1_1!J110) -> 21 | G114: =IF(Reporte1_1!K110="","",Reporte1_1!K110) -> 48.77 | H114: =IF(Reporte1_1!L110="","",Reporte1_1!L110) -> 6.11 | I114: =IF(Reporte1_1!M110="","",Reporte1_1!M110) -> 151 | J114: =IF(Reporte1_1!P110="","",Reporte1_1!P110) | K114: =IF(Reporte1_1!Q110="","",Reporte1_1!Q110) -> 25.2 | L114: =IF(Reporte1_1!R110="","",Reporte1_1!R110) -> 52 | M114: =IF(Reporte1_1!S110="","",Reporte1_1!S110) -> 0 | N114: =IF(Reporte1_1!T110="","",Reporte1_1!T110) -> 0 | O114: =IF(Reporte1_1!U110="","",Reporte1_1!U110) -> 100 | P114: =IF(Reporte1_1!W110="","",Reporte1_1!W110) -> 31 | Q114: =IF(Reporte1_1!X110="","",Reporte1_1!X110) -> 392
A115: =IF(Reporte1_1!#REF!="","",Reporte1_1!#REF!) -> #REF! | B115: =IF(Reporte1_1!#REF!="","",Reporte1_1!#REF!) -> #REF! | C115: =IF(Reporte1_1!#REF!="","",Reporte1_1!#REF!) -> #REF! | D115: =IF(Reporte1_1!#REF!="","",Reporte1_1!#REF!) -> #REF! | E115: =IF(Reporte1_1!#REF!="","",Reporte1_1!#REF!) -> #REF! | F115: =IF(Reporte1_1!#REF!="","",Reporte1_1!#REF!) -> #REF! | G115: =IF(Reporte1_1!#REF!="","",Reporte1_1!#REF!) -> #REF! | H115: =IF(Reporte1_1!#REF!="","",Reporte1_1!#REF!) -> #REF! | ... Q115: =IF(Reporte1_1!#REF!="","",Reporte1_1!#REF!) -> #REF!
A116: =IF(Reporte1_1!#REF!="","",Reporte1_1!#REF!) -> #REF! | B116: =IF(Reporte1_1!#REF!="","",Reporte1_1!#REF!) -> #REF! | C116: =IF(Reporte1_1!#REF!="","",Reporte1_1!#REF!) -> #REF! | D116: =IF(Reporte1_1!#REF!="","",Reporte1_1!#REF!) -> #REF! | E116: =IF(Reporte1_1!#REF!="","",Reporte1_1!#REF!) -> #REF! | F116: =IF(Reporte1_1!#REF!="","",Reporte1_1!#REF!) -> #REF! | G116: =IF(Reporte1_1!#REF!="","",Reporte1_1!#REF!) -> #REF! | H116: =IF(Reporte1_1!#REF!="","",Reporte1_1!#REF!) -> #REF! | ... Q116: =IF(Reporte1_1!#REF!="","",Reporte1_1!#REF!) -> #REF!
A117: =IF(Reporte1_1!#REF!="","",Reporte1_1!#REF!) -> #REF! | B117: =IF(Reporte1_1!#REF!="","",Reporte1_1!#REF!) -> #REF! | C117: =IF(Reporte1_1!#REF!="","",Reporte1_1!#REF!) -> #REF! | D117: =IF(Reporte1_1!#REF!="","",Reporte1_1!#REF!) -> #REF! | E117: =IF(Reporte1_1!#REF!="","",Reporte1_1!#REF!) -> #REF! | F117: =IF(Reporte1_1!#REF!="","",Reporte1_1!#REF!) -> #REF! | G117: =IF(Reporte1_1!#REF!="","",Reporte1_1!#REF!) -> #REF! | H117: =IF(Reporte1_1!#REF!="","",Reporte1_1!#REF!) -> #REF! | ... Q117: =IF(Reporte1_1!#REF!="","",Reporte1_1!#REF!) -> #REF!
A118: =IF(Reporte1_1!#REF!="","",Reporte1_1!#REF!) -> #REF! | B118: =IF(Reporte1_1!#REF!="","",Reporte1_1!#REF!) -> #REF! | C118: =IF(Reporte1_1!#REF!="","",Reporte1_1!#REF!) -> #REF! | D118: =IF(Reporte1_1!#REF!="","",Reporte1_1!#REF!) -> #REF! | E118: =IF(Reporte1_1!#REF!="","",Reporte1_1!#REF!) -> #REF! | F118: =IF(Reporte1_1!#REF!="","",Reporte1_1!#REF!) -> #REF! | G118: =IF(Reporte1_1!#REF!="","",Reporte1_1!#REF!) -> #REF! | H118: =IF(Reporte1_1!#REF!="","",Reporte1_1!#REF!) -> #REF! | ... Q118: =IF(Reporte1_1!#REF!="","",Reporte1_1!#REF!) -> #REF!
A119: =IF(Reporte1_1!#REF!="","",Reporte1_1!#REF!) -> #REF! | B119: =IF(Reporte1_1!#REF!="","",Reporte1_1!#REF!) -> #REF! | C119: =IF(Reporte1_1!#REF!="","",Reporte1_1!#REF!) -> #REF! | D119: =IF(Reporte1_1!#REF!="","",Reporte1_1!#REF!) -> #REF! | E119: =IF(Reporte1_1!#REF!="","",Reporte1_1!#REF!) -> #REF! | F119: =IF(Reporte1_1!#REF!="","",Reporte1_1!#REF!) -> #REF! | G119: =IF(Reporte1_1!#REF!="","",Reporte1_1!#REF!) -> #REF! | H119: =IF(Reporte1_1!#REF!="","",Reporte1_1!#REF!) -> #REF! | ... Q119: =IF(Reporte1_1!#REF!="","",Reporte1_1!#REF!) -> #REF!
A120: =IF(Reporte1_1!#REF!="","",Reporte1_1!#REF!) -> #REF! | B120: =IF(Reporte1_1!#REF!="","",Reporte1_1!#REF!) -> #REF! | C120: =IF(Reporte1_1!#REF!="","",Reporte1_1!#REF!) -> #REF! | D120: =IF(Reporte1_1!#REF!="","",Reporte1_1!#REF!) -> #REF! | E120: =IF(Reporte1_1!#REF!="","",Reporte1_1!#REF!) -> #REF! | F120: =IF(Reporte1_1!#REF!="","",Reporte1_1!#REF!) -> #REF! | G120: =IF(Reporte1_1!#REF!="","",Reporte1_1!#REF!) -> #REF! | H120: =IF(Reporte1_1!#REF!="","",Reporte1_1!#REF!) -> #REF! | ... Q120: =IF(Reporte1_1!#REF!="","",Reporte1_1!#REF!) -> #REF!
A121: =IF(Reporte1_1!#REF!="","",Reporte1_1!#REF!) -> #REF! | B121: =IF(Reporte1_1!#REF!="","",Reporte1_1!#REF!) -> #REF! | C121: =IF(Reporte1_1!#REF!="","",Reporte1_1!#REF!) -> #REF! | D121: =IF(Reporte1_1!#REF!="","",Reporte1_1!#REF!) -> #REF! | E121: =IF(Reporte1_1!#REF!="","",Reporte1_1!#REF!) -> #REF! | F121: =IF(Reporte1_1!#REF!="","",Reporte1_1!#REF!) -> #REF! | G121: =IF(Reporte1_1!#REF!="","",Reporte1_1!#REF!) -> #REF! | H121: =IF(Reporte1_1!#REF!="","",Reporte1_1!#REF!) -> #REF! | ... Q121: =IF(Reporte1_1!#REF!="","",Reporte1_1!#REF!) -> #REF!
A122: =IF(Reporte1_1!#REF!="","",Reporte1_1!#REF!) -> #REF! | B122: =IF(Reporte1_1!#REF!="","",Reporte1_1!#REF!) -> #REF! | C122: =IF(Reporte1_1!#REF!="","",Reporte1_1!#REF!) -> #REF! | D122: =IF(Reporte1_1!#REF!="","",Reporte1_1!#REF!) -> #REF! | E122: =IF(Reporte1_1!#REF!="","",Reporte1_1!#REF!) -> #REF! | F122: =IF(Reporte1_1!#REF!="","",Reporte1_1!#REF!) -> #REF! | G122: =IF(Reporte1_1!#REF!="","",Reporte1_1!#REF!) -> #REF! | H122: =IF(Reporte1_1!#REF!="","",Reporte1_1!#REF!) -> #REF! | ... Q122: =IF(Reporte1_1!#REF!="","",Reporte1_1!#REF!) -> #REF!
A123: =IF(Reporte1_1!#REF!="","",Reporte1_1!#REF!) -> #REF! | B123: =IF(Reporte1_1!#REF!="","",Reporte1_1!#REF!) -> #REF! | C123: =IF(Reporte1_1!#REF!="","",Reporte1_1!#REF!) -> #REF! | D123: =IF(Reporte1_1!#REF!="","",Reporte1_1!#REF!) -> #REF! | E123: =IF(Reporte1_1!#REF!="","",Reporte1_1!#REF!) -> #REF! | F123: =IF(Reporte1_1!#REF!="","",Reporte1_1!#REF!) -> #REF! | G123: =IF(Reporte1_1!#REF!="","",Reporte1_1!#REF!) -> #REF! | H123: =IF(Reporte1_1!#REF!="","",Reporte1_1!#REF!) -> #REF! | ... Q123: =IF(Reporte1_1!#REF!="","",Reporte1_1!#REF!) -> #REF!
A124: =IF(Reporte1_1!#REF!="","",Reporte1_1!#REF!) -> #REF!
A125: =IF(Reporte1_1!#REF!="","",Reporte1_1!#REF!) -> #REF! | B125: =IF(Reporte1_1!#REF!="","",Reporte1_1!#REF!) -> #REF! | C125: =IF(Reporte1_1!#REF!="","",Reporte1_1!#REF!) -> #REF! | D125: =IF(Reporte1_1!#REF!="","",Reporte1_1!#REF!) -> #REF! | E125: =IF(Reporte1_1!#REF!="","",Reporte1_1!#REF!) -> #REF! | F125: =IF(Reporte1_1!#REF!="","",Reporte1_1!#REF!) -> #REF! | G125: =IF(Reporte1_1!#REF!="","",Reporte1_1!#REF!) -> #REF! | H125: =IF(Reporte1_1!#REF!="","",Reporte1_1!#REF!) -> #REF! | ... Q125: =IF(Reporte1_1!#REF!="","",Reporte1_1!#REF!) -> #REF!
A126: =IF(Reporte1_1!#REF!="","",Reporte1_1!#REF!) -> #REF! | B126: =IF(Reporte1_1!#REF!="","",Reporte1_1!#REF!) -> #REF! | C126: =IF(Reporte1_1!#REF!="","",Reporte1_1!#REF!) -> #REF! | D126: =IF(Reporte1_1!#REF!="","",Reporte1_1!#REF!) -> #REF! | E126: =IF(Reporte1_1!#REF!="","",Reporte1_1!#REF!) -> #REF! | F126: =IF(Reporte1_1!#REF!="","",Reporte1_1!#REF!) -> #REF! | G126: =IF(Reporte1_1!#REF!="","",Reporte1_1!#REF!) -> #REF! | H126: =IF(Reporte1_1!#REF!="","",Reporte1_1!#REF!) -> #REF! | ... Q126: =IF(Reporte1_1!#REF!="","",Reporte1_1!#REF!) -> #REF!
...

Sheet IMPRIMIR
A1: FECHA: | B1: =TODAY() -> 46016
A3: =IF(Reporte1_1!A1="","",Reporte1_1!A1) -> SACHA CENTRAL
A4: =IF(Reporte1_1!A2="","",Reporte1_1!A2) -> POZO | B4: =IF(Reporte1_1!C2="","",Reporte1_1!C2) -> FECHA | C4: =IF(Reporte1_1!D2="","",Reporte1_1!D2) -> CAMPO | D4: =IF(Reporte1_1!G2="","",Reporte1_1!G2) -> HORAS | E4: =IF(Reporte1_1!H2="","",Reporte1_1!H2) -> BFPD | F4: =IF(Reporte1_1!I2="","",Reporte1_1!I2) -> BPPD | G4: =IF(Reporte1_1!J2="","",Reporte1_1!J2) -> BAPD | H4: =IF(Reporte1_1!K2="","",Reporte1_1!K2) -> MSCF | I4: =IF(Reporte1_1!L2="","",Reporte1_1!L2) -> BSW | J4: =IF(Reporte1_1!M2="","",Reporte1_1!M2) -> GOR | K4: =IF(Reporte1_1!V2="","",Reporte1_1!V2) -> PIP | L4: =IF(Reporte1_1!Q2="","",Reporte1_1!Q2) -> API | M4: =IF(Reporte1_1!R2="","",Reporte1_1!R2) -> FREC | N4: =IF(Reporte1_1!S2="","",Reporte1_1!S2) -> P. INY | O4: =IF(Reporte1_1!T2="","",Reporte1_1!T2) -> B. INY | P4: =IF(Reporte1_1!U2="","",Reporte1_1!U2) -> PSI | Q4: =IF(Reporte1_1!N2="","",Reporte1_1!N2) -> T. | R4: =IF(Reporte1_1!Y2="","",Reporte1_1!Y2) -> SALIN. | S4: =IF(Reporte1_1!AA2="","",Reporte1_1!AA2) -> BPPD
A5: POZO | B5: FECHA | C5: CAMPO | D5: HORAS | E5: BFPD | F5: BPPD | G5: BAPD | H5: MSCF | I5: BSW | J5: GOR | K5: PIP | L5: API | M5: FREC | N5: P. INY | O5: B. INY | P5: PSI | Q5: T. | R5: SALIN. | S5: BPPD
A6: POZO | B6: FECHA | C6: CAMPO | D6: HORAS | E6: BFPD | F6: BPPD | G6: BAPD | H6: MSCF | I6: BSW | J6: GOR | K6: PIP | L6: API | M6: FREC | N6: P. INY | O6: B. INY | P6: PSI | Q6: T. | R6: SALIN. | S6: BPPD
A7: POZO | B7: FECHA | C7: PEC | D7: HORAS | E7: BFPD | F7: BPPD | G7: BAPD | H7: MSCF | I7: BSW | J7: GOR | K7: PIP | L7: API | M7: FREC | N7: P. INY | O7: B. INY | P7: PSI | Q7: T. | R7: VOL | S7: BPPD
A8: =IF(Reporte1_1!A273="","",Reporte1_1!A273) -> TOTAL | B8: =IF(Reporte1_1!C273="","",Reporte1_1!C273) | C8: PEC | D8: =IF(Reporte1_1!G273="","",Reporte1_1!G273) | E8: =IF(Reporte1_1!H273="","",Reporte1_1!H273) -> 72902.3 | F8: =IF(Reporte1_1!I273="","",Reporte1_1!I273) -> 34657.3 | G8: =IF(Reporte1_1!J273="","",Reporte1_1!J273) -> 38245 | H8: =IF(Reporte1_1!K273="","",Reporte1_1!K273) -> 13476.5 | I8: =IF(Reporte1_1!L273="","",Reporte1_1!L273) | J8: =IF(Reporte1_1!M273="","",Reporte1_1!M273) -> 389 | K8: =IF(Reporte1_1!V273="","",Reporte1_1!V273) | L8: =IF(Reporte1_1!Q273="","",Reporte1_1!Q273) | M8: =IF(Reporte1_1!R273="","",Reporte1_1!R273) | N8: =IF(Reporte1_1!S273="","",Reporte1_1!S273) | O8: =IF(Reporte1_1!T273="","",Reporte1_1!T273) | P8: =IF(Reporte1_1!U273="","",Reporte1_1!U273) | Q8: =IF(Reporte1_1!N273="","",Reporte1_1!N273) | R8: =IF(Reporte1_1!X273="","",Reporte1_1!X273) | S8: =IF(Reporte1_1!AA273="","",Reporte1_1!AA273) -> 35088.546
A9: =IF(Reporte1_1!A87="","",Reporte1_1!A87) -> TOTAL | B9: =IF(Reporte1_1!C87="","",Reporte1_1!C87) | C9: PEC | D9: =IF(Reporte1_1!G87="","",Reporte1_1!G87) | E9: =IF(Reporte1_1!H87="","",Reporte1_1!H87) -> 32492 | F9: =IF(Reporte1_1!I87="","",Reporte1_1!I87) -> 11326 | G9: =IF(Reporte1_1!J87="","",Reporte1_1!J87) -> 21166 | H9: =IF(Reporte1_1!K87="","",Reporte1_1!K87) -> 2812.1 | I9: =IF(Reporte1_1!L87="","",Reporte1_1!L87) | J9: =IF(Reporte1_1!M87="","",Reporte1_1!M87) -> 248 | K9: =IF(Reporte1_1!V87="","",Reporte1_1!V87) | L9: =IF(Reporte1_1!Q87="","",Reporte1_1!Q87) | M9: =IF(Reporte1_1!R87="","",Reporte1_1!R87) | N9: =IF(Reporte1_1!S87="","",Reporte1_1!S87) | O9: =IF(Reporte1_1!T87="","",Reporte1_1!T87) | P9: =IF(Reporte1_1!U87="","",Reporte1_1!U87) | Q9: =IF(Reporte1_1!N87="","",Reporte1_1!N87) | R9: =IF(Reporte1_1!X87="","",Reporte1_1!X87) | S9: =IF(Reporte1_1!AA87="","",Reporte1_1!AA87) -> 11466.931
A10: =IF(Reporte1_1!A69="","",Reporte1_1!A69) -> SCHAO-473HS1UI | B10: =IF(Reporte1_1!C69="","",Reporte1_1!C69) -> 45942 | C10: PEC | D10: =IF(Reporte1_1!G69="","",Reporte1_1!G69) -> 3 | E10: =IF(Reporte1_1!H69="","",Reporte1_1!H69) -> 4385 | F10: =IF(Reporte1_1!I69="","",Reporte1_1!I69) -> 614 | G10: =IF(Reporte1_1!J69="","",Reporte1_1!J69) -> 3771 | H10: =IF(Reporte1_1!K69="","",Reporte1_1!K69) -> 245.6 | I10: =IF(Reporte1_1!L69="","",Reporte1_1!L69) -> 86 | J10: =IF(Reporte1_1!M69="","",Reporte1_1!M69) -> 400 | K10: =IF(Reporte1_1!V69="","",Reporte1_1!V69) -> 461 | L10: =IF(Reporte1_1!Q69="","",Reporte1_1!Q69) -> 17.9 | M10: =IF(Reporte1_1!R69="","",Reporte1_1!R69) -> 60 | N10: =IF(Reporte1_1!S69="","",Reporte1_1!S69) -> 0 | O10: =IF(Reporte1_1!T69="","",Reporte1_1!T69) -> 0 | P10: =IF(Reporte1_1!U69="","",Reporte1_1!U69) -> 180 | Q10: =IF(Reporte1_1!N69="","",Reporte1_1!N69) -> S4000N|S4000N | R10: =IF(Reporte1_1!X69="","",Reporte1_1!X69) -> 448 | S10: =IF(Reporte1_1!AA69="","",Reporte1_1!AA69) -> 621.64
A11: =IF(Reporte1_1!A161="","",Reporte1_1!A161) -> SCH-128HS | B11: =IF(Reporte1_1!C161="","",Reporte1_1!C161) -> 45950 | C11: PEC | D11: =IF(Reporte1_1!G161="","",Reporte1_1!G161) -> 5 | E11: =IF(Reporte1_1!H161="","",Reporte1_1!H161) -> 3753 | F11: =IF(Reporte1_1!I161="","",Reporte1_1!I161) -> 225 | G11: =IF(Reporte1_1!J161="","",Reporte1_1!J161) -> 3528 | H11: =IF(Reporte1_1!K161="","",Reporte1_1!K161) -> 33.98 | I11: =IF(Reporte1_1!L161="","",Reporte1_1!L161) -> 94.01 | J11: =IF(Reporte1_1!M161="","",Reporte1_1!M161) -> 151 | K11: =IF(Reporte1_1!V161="","",Reporte1_1!V161) -> 2644 | L11: =IF(Reporte1_1!Q161="","",Reporte1_1!Q161) -> 29.8 | M11: =IF(Reporte1_1!R161="","",Reporte1_1!R161) -> 43 | N11: =IF(Reporte1_1!S161="","",Reporte1_1!S161) -> 0 | O11: =IF(Reporte1_1!T161="","",Reporte1_1!T161) -> 0 | P11: =IF(Reporte1_1!U161="","",Reporte1_1!U161) -> 270 | Q11: =IF(Reporte1_1!N161="","",Reporte1_1!N161) -> RC4000 CR-CT|RC4000 CR-CT|RC4000 CR-CT | R11: =IF(Reporte1_1!X161="","",Reporte1_1!X161) -> 319 | S11: =IF(Reporte1_1!AA161="","",Reporte1_1!AA161) -> 227.8
A12: =IF(Reporte1_1!A25="","",Reporte1_1!A25) -> SCHA-409HI | B12: =IF(Reporte1_1!C25="","",Reporte1_1!C25) -> 45940 | C12: PEC | D12: =IF(Reporte1_1!G25="","",Reporte1_1!G25) -> 3 | E12: =IF(Reporte1_1!H25="","",Reporte1_1!H25) -> 3615 | F12: =IF(Reporte1_1!I25="","",Reporte1_1!I25) -> 434 | G12: =IF(Reporte1_1!J25="","",Reporte1_1!J25) -> 3181 | H12: =IF(Reporte1_1!K25="","",Reporte1_1!K25) -> 3.47 | I12: =IF(Reporte1_1!L25="","",Reporte1_1!L25) -> 87.99 | J12: =IF(Reporte1_1!M25="","",Reporte1_1!M25) -> 8 | K12: =IF(Reporte1_1!V25="","",Reporte1_1!V25) -> 2261 | L12: =IF(Reporte1_1!Q25="","",Reporte1_1!Q25) -> 26.9 | M12: =IF(Reporte1_1!R25="","",Reporte1_1!R25) -> 56 | N12: =IF(Reporte1_1!S25="","",Reporte1_1!S25) -> 0 | O12: =IF(Reporte1_1!T25="","",Reporte1_1!T25) -> 0 | P12: =IF(Reporte1_1!U25="","",Reporte1_1!U25) -> 80 | Q12: =IF(Reporte1_1!N25="","",Reporte1_1!N25) -> WD-3000|WD-3000|WD-3000|WD-3000 | R12: =IF(Reporte1_1!X25="","",Reporte1_1!X25) -> 414 | S12: =IF(Reporte1_1!AA25="","",Reporte1_1!AA25) -> 439.4
A13: =IF(Reporte1_1!A72="","",Reporte1_1!A72) -> SCHAO-477HUI | B13: =IF(Reporte1_1!C72="","",Reporte1_1!C72) -> 45947 | C13: PEC | D13: =IF(Reporte1_1!G72="","",Reporte1_1!G72) -> 1 | E13: =IF(Reporte1_1!H72="","",Reporte1_1!H72) -> 3547 | F13: =IF(Reporte1_1!I72="","",Reporte1_1!I72) -> 355 | G13: =IF(Reporte1_1!J72="","",Reporte1_1!J72) -> 3192 | H13: =IF(Reporte1_1!K72="","",Reporte1_1!K72) -> 284 | I13: =IF(Reporte1_1!L72="","",Reporte1_1!L72) -> 89.99 | J13: =IF(Reporte1_1!M72="","",Reporte1_1!M72) -> 800 | K13: =IF(Reporte1_1!V72="","",Reporte1_1!V72) -> 868 | L13: =IF(Reporte1_1!Q72="","",Reporte1_1!Q72) -> 17.4 | M13: =IF(Reporte1_1!R72="","",Reporte1_1!R72) -> 57 | N13: =IF(Reporte1_1!S72="","",Reporte1_1!S72) -> 0 | O13: =IF(Reporte1_1!T72="","",Reporte1_1!T72) -> 0 | P13: =IF(Reporte1_1!U72="","",Reporte1_1!U72) -> 120 | Q13: =IF(Reporte1_1!N72="","",Reporte1_1!N72) -> S4000N|S4000N | R13: =IF(Reporte1_1!X72="","",Reporte1_1!X72) -> 424 | S13: =IF(Reporte1_1!AA72="","",Reporte1_1!AA72) -> 359.418
A14: =IF(Reporte1_1!A58="","",Reporte1_1!A58) -> SCH-106HS | B14: =IF(Reporte1_1!C58="","",Reporte1_1!C58) -> 45952 | C14: PEC | D14: =IF(Reporte1_1!G58="","",Reporte1_1!G58) -> 5 | E14: =IF(Reporte1_1!H58="","",Reporte1_1!H58) -> 3067 | F14: =IF(Reporte1_1!I58="","",Reporte1_1!I58) -> 701 | G14: =IF(Reporte1_1!J58="","",Reporte1_1!J58) -> 2366 | H14: =IF(Reporte1_1!K58="","",Reporte1_1!K58) -> 106.8 | I14: =IF(Reporte1_1!L58="","",Reporte1_1!L58) -> 77.14 | J14: =IF(Reporte1_1!M58="","",Reporte1_1!M58) -> 152 | K14: =IF(Reporte1_1!V58="","",Reporte1_1!V58) -> 550 | L14: =IF(Reporte1_1!Q58="","",Reporte1_1!Q58) -> 26.8 | M14: =IF(Reporte1_1!R58="","",Reporte1_1!R58) -> 59.2 | N14: =IF(Reporte1_1!S58="","",Reporte1_1!S58) -> 0 | O14: =IF(Reporte1_1!T58="","",Reporte1_1!T58) -> 0 | P14: =IF(Reporte1_1!U58="","",Reporte1_1!U58) -> 180 | Q14: =IF(Reporte1_1!N58="","",Reporte1_1!N58) -> D3550N|D3550N|D3500N|D3550N|D20 | R14: =IF(Reporte1_1!X58="","",Reporte1_1!X58) -> 452 | S14: =IF(Reporte1_1!AA58="","",Reporte1_1!AA58) -> 709.723
A15: =IF(Reporte1_1!A143="","",Reporte1_1!A143) -> SCHV-226HS | B15: =IF(Reporte1_1!C143="","",Reporte1_1!C143) -> 45951 | C15: PEC | D15: =IF(Reporte1_1!G143="","",Reporte1_1!G143) -> 3 | E15: =IF(Reporte1_1!H143="","",Reporte1_1!H143) -> 2632 | F15: =IF(Reporte1_1!I143="","",Reporte1_1!I143) -> 237 | G15: =IF(Reporte1_1!J143="","",Reporte1_1!J143) -> 2395 | H15: =IF(Reporte1_1!K143="","",Reporte1_1!K143) -> 5.69 | I15: =IF(Reporte1_1!L143="","",Reporte1_1!L143) -> 91 | J15: =IF(Reporte1_1!M143="","",Reporte1_1!M143) -> 24 | K15: =IF(Reporte1_1!V143="","",Reporte1_1!V143) -> 3009 | L15: =IF(Reporte1_1!Q143="","",Reporte1_1!Q143) -> 24 | M15: =IF(Reporte1_1!R143="","",Reporte1_1!R143) -> 98 | N15: =IF(Reporte1_1!S143="","",Reporte1_1!S143) -> 0 | O15: =IF(Reporte1_1!T143="","",Reporte1_1!T143) -> 0 | P15: =IF(Reporte1_1!U143="","",Reporte1_1!U143) -> 40 | Q15: =IF(Reporte1_1!N143="","",Reporte1_1!N143) -> NH(2500-3100)H|NH(2500-3100)H|NH(2500-3100)H|NH(2500-3100)H | R15: =IF(Reporte1_1!X143="","",Reporte1_1!X143) -> 328 | S15: =IF(Reporte1_1!AA143="","",Reporte1_1!AA143) -> 224.944
A16: =IF(Reporte1_1!A160="","",Reporte1_1!A160) -> SCH-124UI | B16: =IF(Reporte1_1!C160="","",Reporte1_1!C160) -> 45946 | C16: PEC | D16: =IF(Reporte1_1!G160="","",Reporte1_1!G160) -> 5 | E16: =IF(Reporte1_1!H160="","",Reporte1_1!H160) -> 2459 | F16: =IF(Reporte1_1!I160="","",Reporte1_1!I160) -> 295 | G16: =IF(Reporte1_1!J160="","",Reporte1_1!J160) -> 2164 | H16: =IF(Reporte1_1!K160="","",Reporte1_1!K160) -> 59.89 | I16: =IF(Reporte1_1!L160="","",Reporte1_1!L160) -> 88 | J16: =IF(Reporte1_1!M160="","",Reporte1_1!M160) -> 203 | K16: =IF(Reporte1_1!V160="","",Reporte1_1!V160) -> 665 | L16: =IF(Reporte1_1!Q160="","",Reporte1_1!Q160) -> 24.2 | M16: =IF(Reporte1_1!R160="","",Reporte1_1!R160) -> 64 | N16: =IF(Reporte1_1!S160="","",Reporte1_1!S160) -> 0 | O16: =IF(Reporte1_1!T160="","",Reporte1_1!T160) -> 0 | P16: =IF(Reporte1_1!U160="","",Reporte1_1!U160) -> 210 | Q16: =IF(Reporte1_1!N160="","",Reporte1_1!N160) -> E3000 SSD|E3000 SSD|E3000 SSD|E3000 SSD | R16: =IF(Reporte1_1!X160="","",Reporte1_1!X160) -> 454 | S16: =IF(Reporte1_1!AA160="","",Reporte1_1!AA160) -> 298.67
A17: =IF(Reporte1_1!A168="","",Reporte1_1!A168) -> SCH-186UI | B17: =IF(Reporte1_1!C168="","",Reporte1_1!C168) -> 45950 | C17: PEC | D17: =IF(Reporte1_1!G168="","",Reporte1_1!G168) -> 5 | E17: =IF(Reporte1_1!H168="","",Reporte1_1!H168) -> 2445 | F17: =IF(Reporte1_1!I168="","",Reporte1_1!I168) -> 1956 | G17: =IF(Reporte1_1!J168="","",Reporte1_1!J168) -> 489 | H17: =IF(Reporte1_1!K168="","",Reporte1_1!K168) -> 1173 | I17: =IF(Reporte1_1!L168="","",Reporte1_1!L168) -> 20 | J17: =IF(Reporte1_1!M168="","",Reporte1_1!M168) -> 600 | K17: =IF(Reporte1_1!V168="","",Reporte1_1!V168) -> 334 | L17: =IF(Reporte1_1!Q168="","",Reporte1_1!Q168) -> 23.7 | M17: =IF(Reporte1_1!R168="","",Reporte1_1!R168) -> 63 | N17: =IF(Reporte1_1!S168="","",Reporte1_1!S168) -> 0 | O17: =IF(Reporte1_1!T168="","",Reporte1_1!T168) -> 0 | P17: =IF(Reporte1_1!U168="","",Reporte1_1!U168) -> 140 | Q17: =IF(Reporte1_1!N168="","",Reporte1_1!N168) -> RC4000 CR-CT|RC4000 CR-CT|RC4000 CR-CT|RC4000 CR-CT|D20|D20 | R17: =IF(Reporte1_1!X168="","",Reporte1_1!X168) -> 449 | S17: =IF(Reporte1_1!AA168="","",Reporte1_1!AA168) -> 1980.339
A18: =IF(Reporte1_1!A185="","",Reporte1_1!A185) -> SCHAC-353HI | B18: =IF(Reporte1_1!C185="","",Reporte1_1!C185) -> 45952 | C18: PEC | D18: =IF(Reporte1_1!G185="","",Reporte1_1!G185) -> 5 | E18: =IF(Reporte1_1!H185="","",Reporte1_1!H185) -> 2345 | F18: =IF(Reporte1_1!I185="","",Reporte1_1!I185) -> 141 | G18: =IF(Reporte1_1!J185="","",Reporte1_1!J185) -> 2204 | H18: =IF(Reporte1_1!K185="","",Reporte1_1!K185) -> 1.13 | I18: =IF(Reporte1_1!L185="","",Reporte1_1!L185) -> 93.99 | J18: =IF(Reporte1_1!M185="","",Reporte1_1!M185) -> 8 | K18: =IF(Reporte1_1!V185="","",Reporte1_1!V185) -> 1571 | L18: =IF(Reporte1_1!Q185="","",Reporte1_1!Q185) -> 27.8 | M18: =IF(Reporte1_1!R185="","",Reporte1_1!R185) -> 50 | N18: =IF(Reporte1_1!S185="","",Reporte1_1!S185) -> 0 | O18: =IF(Reporte1_1!T185="","",Reporte1_1!T185) -> 0 | P18: =IF(Reporte1_1!U185="","",Reporte1_1!U185) -> 120 | Q18: =IF(Reporte1_1!N185="","",Reporte1_1!N185) -> WD-3000|WD-3000|WD-3000|WD-3000 | R18: =IF(Reporte1_1!X185="","",Reporte1_1!X185) -> 466 | S18: =IF(Reporte1_1!AA185="","",Reporte1_1!AA185) -> 142.754
A19: =IF(Reporte1_1!A128="","",Reporte1_1!A128) -> SCHH-218HS | B19: =IF(Reporte1_1!C128="","",Reporte1_1!C128) -> 45950 | C19: PEC | D19: =IF(Reporte1_1!G128="","",Reporte1_1!G128) -> 2 | E19: =IF(Reporte1_1!H128="","",Reporte1_1!H128) -> 2147 | F19: =IF(Reporte1_1!I128="","",Reporte1_1!I128) -> 107 | G19: =IF(Reporte1_1!J128="","",Reporte1_1!J128) -> 2040 | H19: =IF(Reporte1_1!K128="","",Reporte1_1!K128) -> 16.21 | I19: =IF(Reporte1_1!L128="","",Reporte1_1!L128) -> 95.02 | J19: =IF(Reporte1_1!M128="","",Reporte1_1!M128) -> 151 | K19: =IF(Reporte1_1!V128="","",Reporte1_1!V128) -> 361 | L19: =IF(Reporte1_1!Q128="","",Reporte1_1!Q128) -> 20.5 | M19: =IF(Reporte1_1!R128="","",Reporte1_1!R128) -> 50 | N19: =IF(Reporte1_1!S128="","",Reporte1_1!S128) -> 0 | O19: =IF(Reporte1_1!T128="","",Reporte1_1!T128) -> 0 | P19: =IF(Reporte1_1!U128="","",Reporte1_1!U128) -> 70 | Q19: =IF(Reporte1_1!N128="","",Reporte1_1!N128) -> WE 5500|WE 5500 | R19: =IF(Reporte1_1!X128="","",Reporte1_1!X128) -> 422 | S19: =IF(Reporte1_1!AA128="","",Reporte1_1!AA128) -> 101.557
A20: =IF(Reporte1_1!A31="","",Reporte1_1!A31) -> SCHAH-404HI | B20: =IF(Reporte1_1!C31="","",Reporte1_1!C31) -> 45928 | C20: PEC | D20: =IF(Reporte1_1!G31="","",Reporte1_1!G31) -> 5 | E20: =IF(Reporte1_1!H31="","",Reporte1_1!H31) -> 2130 | F20: =IF(Reporte1_1!I31="","",Reporte1_1!I31) -> 170 | G20: =IF(Reporte1_1!J31="","",Reporte1_1!J31) -> 1960 | H20: =IF(Reporte1_1!K31="","",Reporte1_1!K31) -> 1.36 | I20: =IF(Reporte1_1!L31="","",Reporte1_1!L31) -> 92.02 | J20: =IF(Reporte1_1!M31="","",Reporte1_1!M31) -> 8 | K20: =IF(Reporte1_1!V31="","",Reporte1_1!V31) -> 2022 | L20: =IF(Reporte1_1!Q31="","",Reporte1_1!Q31) -> 26.6 | M20: =IF(Reporte1_1!R31="","",Reporte1_1!R31) -> 48 | N20: =IF(Reporte1_1!S31="","",Reporte1_1!S31) -> 0 | O20: =IF(Reporte1_1!T31="","",Reporte1_1!T31) -> 0 | P20: =IF(Reporte1_1!U31="","",Reporte1_1!U31) -> 100 | Q20: =IF(Reporte1_1!N31="","",Reporte1_1!N31) -> E3000 SSD|E3000 SSD|E3000 SSD | R20: =IF(Reporte1_1!X31="","",Reporte1_1!X31) -> 385 | S20: =IF(Reporte1_1!AA31="","",Reporte1_1!AA31) -> 172.115
A21: =IF(Reporte1_1!A258="","",Reporte1_1!A258) -> SCHP-181UI | B21: =IF(Reporte1_1!C258="","",Reporte1_1!C258) -> 45947 | C21: PEC | D21: =IF(Reporte1_1!G258="","",Reporte1_1!G258) -> 5 | E21: =IF(Reporte1_1!H258="","",Reporte1_1!H258) -> 2109 | F21: =IF(Reporte1_1!I258="","",Reporte1_1!I258) -> 295 | G21: =IF(Reporte1_1!J258="","",Reporte1_1!J258) -> 1814 | H21: =IF(Reporte1_1!K258="","",Reporte1_1!K258) -> 59.89 | I21: =IF(Reporte1_1!L258="","",Reporte1_1!L258) -> 86.01 | J21: =IF(Reporte1_1!M258="","",Reporte1_1!M258) -> 203 | K21: =IF(Reporte1_1!V258="","",Reporte1_1!V258) -> 163 | L21: =IF(Reporte1_1!Q258="","",Reporte1_1!Q258) -> 24.1 | M21: =IF(Reporte1_1!R258="","",Reporte1_1!R258) -> 59 | N21: =IF(Reporte1_1!S258="","",Reporte1_1!S258) -> 0 | O21: =IF(Reporte1_1!T258="","",Reporte1_1!T258) -> 0 | P21: =IF(Reporte1_1!U258="","",Reporte1_1!U258) -> 90 | Q21: =IF(Reporte1_1!N258="","",Reporte1_1!N258) -> SF-2700|SF-2700|SF-2700|SF-2700 | R21: =IF(Reporte1_1!X258="","",Reporte1_1!X258) -> 472 | S21: =IF(Reporte1_1!AA258="","",Reporte1_1!AA258) -> 298.671
A22: =IF(Reporte1_1!A53="","",Reporte1_1!A53) -> SCH-050UI | B22: =IF(Reporte1_1!C53="","",Reporte1_1!C53) -> 45951 | C22: PEC | D22: =IF(Reporte1_1!G53="","",Reporte1_1!G53) -> 5 | E22: =IF(Reporte1_1!H53="","",Reporte1_1!H53) -> 2012 | F22: =IF(Reporte1_1!I53="","",Reporte1_1!I53) -> 96 | G22: =IF(Reporte1_1!J53="","",Reporte1_1!J53) -> 1916 | H22: =IF(Reporte1_1!K53="","",Reporte1_1!K53) -> 14.88 | I22: =IF(Reporte1_1!L53="","",Reporte1_1!L53) -> 95.23 | J22: =IF(Reporte1_1!M53="","",Reporte1_1!M53) -> 155 | K22: =IF(Reporte1_1!V53="","",Reporte1_1!V53) -> 1427 | L22: =IF(Reporte1_1!Q53="","",Reporte1_1!Q53) -> 24.3 | M22: =IF(Reporte1_1!R53="","",Reporte1_1!R53) -> 62 | N22: =IF(Reporte1_1!S53="","",Reporte1_1!S53) -> 0 | O22: =IF(Reporte1_1!T53="","",Reporte1_1!T53) -> 0 | P22: =IF(Reporte1_1!U53="","",Reporte1_1!U53) -> 150 | Q22: =IF(Reporte1_1!N53="","",Reporte1_1!N53) -> NH2100M|NH2100M|NH2100M | R22: =IF(Reporte1_1!X53="","",Reporte1_1!X53) -> 438 | S22: =IF(Reporte1_1!AA53="","",Reporte1_1!AA53) -> 97.194
A23: =IF(Reporte1_1!A134="","",Reporte1_1!A134) -> SCHH-239HS | B23: =IF(Reporte1_1!C134="","",Reporte1_1!C134) -> 45947 | C23: PEC | D23: =IF(Reporte1_1!G134="","",Reporte1_1!G134) -> 6 | E23: =IF(Reporte1_1!H134="","",Reporte1_1!H134) -> 1888 | F23: =IF(Reporte1_1!I134="","",Reporte1_1!I134) -> 113 | G23: =IF(Reporte1_1!J134="","",Reporte1_1!J134) -> 1775 | H23: =IF(Reporte1_1!K134="","",Reporte1_1!K134) -> 32.66 | I23: =IF(Reporte1_1!L134="","",Reporte1_1!L134) -> 94.02 | J23: =IF(Reporte1_1!M134="","",Reporte1_1!M134) -> 289 | K23: =IF(Reporte1_1!V134="","",Reporte1_1!V134) -> 1383 | L23: =IF(Reporte1_1!Q134="","",Reporte1_1!Q134) -> 24.3 | M23: =IF(Reporte1_1!R134="","",Reporte1_1!R134) -> 51 | N23: =IF(Reporte1_1!S134="","",Reporte1_1!S134) -> 0 | O23: =IF(Reporte1_1!T134="","",Reporte1_1!T134) -> 0 | P23: =IF(Reporte1_1!U134="","",Reporte1_1!U134) -> 50 | Q23: =IF(Reporte1_1!N134="","",Reporte1_1!N134) -> WD-3000|WD-3000|WD-3000|WD-3000 | R23: =IF(Reporte1_1!X134="","",Reporte1_1!X134) -> 394 | S23: =IF(Reporte1_1!AA134="","",Reporte1_1!AA134) -> 107.252
A24: =IF(Reporte1_1!A199="","",Reporte1_1!A199) -> SCHAE-373HUI | B24: =IF(Reporte1_1!C199="","",Reporte1_1!C199) -> 45935 | C24: PEC | D24: =IF(Reporte1_1!G199="","",Reporte1_1!G199) -> 2 | E24: =IF(Reporte1_1!H199="","",Reporte1_1!H199) -> 1852 | F24: =IF(Reporte1_1!I199="","",Reporte1_1!I199) -> 148 | G24: =IF(Reporte1_1!J199="","",Reporte1_1!J199) -> 1704 | H24: =IF(Reporte1_1!K199="","",Reporte1_1!K199) -> 22.94 | I24: =IF(Reporte1_1!L199="","",Reporte1_1!L199) -> 92.01 | J24: =IF(Reporte1_1!M199="","",Reporte1_1!M199) -> 155 | K24: =IF(Reporte1_1!V199="","",Reporte1_1!V199) -> 841 | L24: =IF(Reporte1_1!Q199="","",Reporte1_1!Q199) -> 17.3 | M24: =IF(Reporte1_1!R199="","",Reporte1_1!R199) -> 52 | N24: =IF(Reporte1_1!S199="","",Reporte1_1!S199) -> 0 | O24: =IF(Reporte1_1!T199="","",Reporte1_1!T199) -> 0 | P24: =IF(Reporte1_1!U199="","",Reporte1_1!U199) -> 110 | Q24: =IF(Reporte1_1!N199="","",Reporte1_1!N199) -> P23|P23 | R24: =IF(Reporte1_1!X199="","",Reporte1_1!X199) -> 476 | S24: =IF(Reporte1_1!AA199="","",Reporte1_1!AA199) -> 149.842
A25: =IF(Reporte1_1!A60="","",Reporte1_1!A60) -> SCH-127HS | B25: =IF(Reporte1_1!C60="","",Reporte1_1!C60) -> 45942 | C25: PEC | D25: =IF(Reporte1_1!G60="","",Reporte1_1!G60) -> 5 | E25: =IF(Reporte1_1!H60="","",Reporte1_1!H60) -> 1838 | F25: =IF(Reporte1_1!I60="","",Reporte1_1!I60) -> 441 | G25: =IF(Reporte1_1!J60="","",Reporte1_1!J60) -> 1397 | H25: =IF(Reporte1_1!K60="","",Reporte1_1!K60) -> 66.59 | I25: =IF(Reporte1_1!L60="","",Reporte1_1!L60) -> 76.01 | J25: =IF(Reporte1_1!M60="","",Reporte1_1!M60) -> 151 | K25: =IF(Reporte1_1!V60="","",Reporte1_1!V60) -> 0 | L25: =IF(Reporte1_1!Q60="","",Reporte1_1!Q60) -> 26.1 | M25: =IF(Reporte1_1!R60="","",Reporte1_1!R60) -> 55 | N25: =IF(Reporte1_1!S60="","",Reporte1_1!S60) -> 0 | O25: =IF(Reporte1_1!T60="","",Reporte1_1!T60) -> 0 | P25: =IF(Reporte1_1!U60="","",Reporte1_1!U60) -> 90 | Q25: =IF(Reporte1_1!N60="","",Reporte1_1!N60) -> DN1750|DN1750|DN1750 | R25: =IF(Reporte1_1!X60="","",Reporte1_1!X60) -> 434 | S25: =IF(Reporte1_1!AA60="","",Reporte1_1!AA60) -> 446.487
A26: =IF(Reporte1_1!A159="","",Reporte1_1!A159) -> SCH-123UI | B26: =IF(Reporte1_1!C159="","",Reporte1_1!C159) -> 45944 | C26: PEC | D26: =IF(Reporte1_1!G159="","",Reporte1_1!G159) -> 4 | E26: =IF(Reporte1_1!H159="","",Reporte1_1!H159) -> 1711.3 | F26: =IF(Reporte1_1!I159="","",Reporte1_1!I159) -> 821.3 | G26: =IF(Reporte1_1!J159="","",Reporte1_1!J159) -> 890 | H26: =IF(Reporte1_1!K159="","",Reporte1_1!K159) -> 127.26 | I26: =IF(Reporte1_1!L159="","",Reporte1_1!L159) -> 52.01 | J26: =IF(Reporte1_1!M159="","",Reporte1_1!M159) -> 155 | K26: =IF(Reporte1_1!V159="","",Reporte1_1!V159) -> 430 | L26: =IF(Reporte1_1!Q159="","",Reporte1_1!Q159) -> 24 | M26: =IF(Reporte1_1!R159="","",Reporte1_1!R159) -> 64 | N26: =IF(Reporte1_1!S159="","",Reporte1_1!S159) -> 0 | O26: =IF(Reporte1_1!T159="","",Reporte1_1!T159) -> 0 | P26: =IF(Reporte1_1!U159="","",Reporte1_1!U159) -> 100 | Q26: =IF(Reporte1_1!N159="","",Reporte1_1!N159) -> E3000 SSD|E3000 SSD|E3000 SSD | R26: =IF(Reporte1_1!X159="","",Reporte1_1!X159) -> 473 | S26: =IF(Reporte1_1!AA159="","",Reporte1_1!AA159) -> 831.52
A27: =IF(Reporte1_1!A144="","",Reporte1_1!A144) -> SCHV-227HS | B27: =IF(Reporte1_1!C144="","",Reporte1_1!C144) -> 45941 | C27: PEC | D27: =IF(Reporte1_1!G144="","",Reporte1_1!G144) -> 4 | E27: =IF(Reporte1_1!H144="","",Reporte1_1!H144) -> 1705 | F27: =IF(Reporte1_1!I144="","",Reporte1_1!I144) -> 290 | G27: =IF(Reporte1_1!J144="","",Reporte1_1!J144) -> 1415 | H27: =IF(Reporte1_1!K144="","",Reporte1_1!K144) -> 2.32 | I27: =IF(Reporte1_1!L144="","",Reporte1_1!L144) -> 82.99 | J27: =IF(Reporte1_1!M144="","",Reporte1_1!M144) -> 8 | K27: =IF(Reporte1_1!V144="","",Reporte1_1!V144) -> 1191 | L27: =IF(Reporte1_1!Q144="","",Reporte1_1!Q144) -> 24.8 | M27: =IF(Reporte1_1!R144="","",Reporte1_1!R144) -> 52 | N27: =IF(Reporte1_1!S144="","",Reporte1_1!S144) -> 0 | O27: =IF(Reporte1_1!T144="","",Reporte1_1!T144) -> 0 | P27: =IF(Reporte1_1!U144="","",Reporte1_1!U144) -> 36 | Q27: =IF(Reporte1_1!N144="","",Reporte1_1!N144) -> WD-3000|WD-3000|WD-3000|WD-3000 | R27: =IF(Reporte1_1!X144="","",Reporte1_1!X144) -> 409 | S27: =IF(Reporte1_1!AA144="","",Reporte1_1!AA144) -> 275.248
A28: =IF(Reporte1_1!A111="","",Reporte1_1!A111) -> SCHAM-452HI | B28: =IF(Reporte1_1!C111="","",Reporte1_1!C111) -> 45940 | C28: PEC | D28: =IF(Reporte1_1!G111="","",Reporte1_1!G111) -> 4 | E28: =IF(Reporte1_1!H111="","",Reporte1_1!H111) -> 1704 | F28: =IF(Reporte1_1!I111="","",Reporte1_1!I111) -> 204 | G28: =IF(Reporte1_1!J111="","",Reporte1_1!J111) -> 1500 | H28: =IF(Reporte1_1!K111="","",Reporte1_1!K111) -> 68.96 | I28: =IF(Reporte1_1!L111="","",Reporte1_1!L111) -> 88.03 | J28: =IF(Reporte1_1!M111="","",Reporte1_1!M111) -> 338 | K28: =IF(Reporte1_1!V111="","",Reporte1_1!V111) -> 1410 | L28: =IF(Reporte1_1!Q111="","",Reporte1_1!Q111) -> 23.9 | M28: =IF(Reporte1_1!R111="","",Reporte1_1!R111) -> 42 | N28: =IF(Reporte1_1!S111="","",Reporte1_1!S111) -> 0 | O28: =IF(Reporte1_1!T111="","",Reporte1_1!T111) -> 0 | P28: =IF(Reporte1_1!U111="","",Reporte1_1!U111) -> 80 | Q28: =IF(Reporte1_1!N111="","",Reporte1_1!N111) -> FLEX47|FLEX47 | R28: =IF(Reporte1_1!X111="","",Reporte1_1!X111) -> 336 | S28: =IF(Reporte1_1!AA111="","",Reporte1_1!AA111) -> 193.623
A29: =IF(Reporte1_1!A10="","",Reporte1_1!A10) -> SCH-083HI | B29: =IF(Reporte1_1!C10="","",Reporte1_1!C10) -> 45946 | C29: PEC | D29: =IF(Reporte1_1!G10="","",Reporte1_1!G10) -> 4 | E29: =IF(Reporte1_1!H10="","",Reporte1_1!H10) -> 1702 | F29: =IF(Reporte1_1!I10="","",Reporte1_1!I10) -> 255 | G29: =IF(Reporte1_1!J10="","",Reporte1_1!J10) -> 1447 | H29: =IF(Reporte1_1!K10="","",Reporte1_1!K10) -> 2.04 | I29: =IF(Reporte1_1!L10="","",Reporte1_1!L10) -> 85.02 | J29: =IF(Reporte1_1!M10="","",Reporte1_1!M10) -> 8 | K29: =IF(Reporte1_1!V10="","",Reporte1_1!V10) -> 2232 | L29: =IF(Reporte1_1!Q10="","",Reporte1_1!Q10) -> 27.7 | M29: =IF(Reporte1_1!R10="","",Reporte1_1!R10) -> 58 | N29: =IF(Reporte1_1!S10="","",Reporte1_1!S10) -> 0 | O29: =IF(Reporte1_1!T10="","",Reporte1_1!T10) -> 0 | P29: =IF(Reporte1_1!U10="","",Reporte1_1!U10) -> 100 | Q29: =IF(Reporte1_1!N10="","",Reporte1_1!N10) -> FLEX7ER SSD|FLEX7ER SSD|FLEX7ER SSD|FLEX 17.5 | R29: =IF(Reporte1_1!X10="","",Reporte1_1!X10) -> 426 | S29: =IF(Reporte1_1!AA10="","",Reporte1_1!AA10) -> 258.173
A30: =IF(Reporte1_1!A249="","",Reporte1_1!A249) -> SCHAR-503UI | B30: =IF(Reporte1_1!C249="","",Reporte1_1!C249) -> 45944 | C30: PEC | D30: =IF(Reporte1_1!G249="","",Reporte1_1!G249) -> 4 | E30: =IF(Reporte1_1!H249="","",Reporte1_1!H249) -> 1679 | F30: =IF(Reporte1_1!I249="","",Reporte1_1!I249) -> 1343 | G30: =IF(Reporte1_1!J249="","",Reporte1_1!J249) -> 336 | H30: =IF(Reporte1_1!K249="","",Reporte1_1!K249) -> 140.54 | I30: =IF(Reporte1_1!L249="","",Reporte1_1!L249) -> 20.01 | J30: =IF(Reporte1_1!M249="","",Reporte1_1!M249) -> 105 | K30: =IF(Reporte1_1!V249="","",Reporte1_1!V249) -> 578 | L30: =IF(Reporte1_1!Q249="","",Reporte1_1!Q249) -> 20 | M30: =IF(Reporte1_1!R249="","",Reporte1_1!R249) -> 60 | N30: =IF(Reporte1_1!S249="","",Reporte1_1!S249) -> 0 | O30: =IF(Reporte1_1!T249="","",Reporte1_1!T249) -> 0 | P30: =IF(Reporte1_1!U249="","",Reporte1_1!U249) -> 150 | Q30: =IF(Reporte1_1!N249="","",Reporte1_1!N249) -> E3000 SSD|E3000 SSD|E3000 SSD|E3000 SSD | R30: =IF(Reporte1_1!X249="","",Reporte1_1!X249) -> 481 | S30: =IF(Reporte1_1!AA249="","",Reporte1_1!AA249) -> 1359.711
A31: =IF(Reporte1_1!A200="","",Reporte1_1!A200) -> SCHAE-375UI | B31: =IF(Reporte1_1!C200="","",Reporte1_1!C200) -> 45943 | C31: PEC | D31: =IF(Reporte1_1!G200="","",Reporte1_1!G200) -> 5 | E31: =IF(Reporte1_1!H200="","",Reporte1_1!H200) -> 1652 | F31: =IF(Reporte1_1!I200="","",Reporte1_1!I200) -> 231 | G31: =IF(Reporte1_1!J200="","",Reporte1_1!J200) -> 1421 | H31: =IF(Reporte1_1!K200="","",Reporte1_1!K200) -> 185.02 | I31: =IF(Reporte1_1!L200="","",Reporte1_1!L200) -> 86.02 | J31: =IF(Reporte1_1!M200="","",Reporte1_1!M200) -> 801 | K31: =IF(Reporte1_1!V200="","",Reporte1_1!V200) -> 843 | L31: =IF(Reporte1_1!Q200="","",Reporte1_1!Q200) -> 18 | M31: =IF(Reporte1_1!R200="","",Reporte1_1!R200) -> 61 | N31: =IF(Reporte1_1!S200="","",Reporte1_1!S200) -> 0 | O31: =IF(Reporte1_1!T200="","",Reporte1_1!T200) -> 0 | P31: =IF(Reporte1_1!U200="","",Reporte1_1!U200) -> 200 | Q31: =IF(Reporte1_1!N200="","",Reporte1_1!N200) -> SF-2700|SF-2700|SF-2700|SF-2700 | R31: =IF(Reporte1_1!X200="","",Reporte1_1!X200) -> 497 | S31: =IF(Reporte1_1!AA200="","",Reporte1_1!AA200) -> 233.874
A32: =IF(Reporte1_1!A67="","",Reporte1_1!A67) -> SCHAO-471R1TI | B32: =IF(Reporte1_1!C67="","",Reporte1_1!C67) -> 45946 | C32: PEC | D32: =IF(Reporte1_1!G67="","",Reporte1_1!G67) -> 3 | E32: =IF(Reporte1_1!H67="","",Reporte1_1!H67) -> 1649 | F32: =IF(Reporte1_1!I67="","",Reporte1_1!I67) -> 890 | G32: =IF(Reporte1_1!J67="","",Reporte1_1!J67) -> 759 | H32: =IF(Reporte1_1!K67="","",Reporte1_1!K67) -> 178 | I32: =IF(Reporte1_1!L67="","",Reporte1_1!L67) -> 46.03 | J32: =IF(Reporte1_1!M67="","",Reporte1_1!M67) -> 200 | K32: =IF(Reporte1_1!V67="","",Reporte1_1!V67) -> 806 | L32: =IF(Reporte1_1!Q67="","",Reporte1_1!Q67) -> 24.9 | M32: =IF(Reporte1_1!R67="","",Reporte1_1!R67) -> 174 | N32: =IF(Reporte1_1!S67="","",Reporte1_1!S67) -> 0 | O32: =IF(Reporte1_1!T67="","",Reporte1_1!T67) -> 0 | P32: =IF(Reporte1_1!U67="","",Reporte1_1!U67) -> 140 | Q32: =IF(Reporte1_1!N67="","",Reporte1_1!N67) -> NB (1100-1800)|NB (1100-1800)|NB (1100-1800)|NB (1100-1800) | R32: =IF(Reporte1_1!X67="","",Reporte1_1!X67) -> 439 | S32: =IF(Reporte1_1!AA67="","",Reporte1_1!AA67) -> 901.074
A33: =IF(Reporte1_1!A51="","",Reporte1_1!A51) -> SCH-007U | B33: =IF(Reporte1_1!C51="","",Reporte1_1!C51) -> 45948 | C33: PEC | D33: =IF(Reporte1_1!G51="","",Reporte1_1!G51) -> 5 | E33: =IF(Reporte1_1!H51="","",Reporte1_1!H51) -> 1612 | F33: =IF(Reporte1_1!I51="","",Reporte1_1!I51) -> 322 | G33: =IF(Reporte1_1!J51="","",Reporte1_1!J51) -> 1290 | H33: =IF(Reporte1_1!K51="","",Reporte1_1!K51) -> 93.06 | I33: =IF(Reporte1_1!L51="","",Reporte1_1!L51) -> 80.03 | J33: =IF(Reporte1_1!M51="","",Reporte1_1!M51) -> 289 | K33: =IF(Reporte1_1!V51="","",Reporte1_1!V51) -> 994 | L33: =IF(Reporte1_1!Q51="","",Reporte1_1!Q51) -> 22.6 | M33: =IF(Reporte1_1!R51="","",Reporte1_1!R51) -> 65 | N33: =IF(Reporte1_1!S51="","",Reporte1_1!S51) -> 0 | O33: =IF(Reporte1_1!T51="","",Reporte1_1!T51) -> 0 | P33: =IF(Reporte1_1!U51="","",Reporte1_1!U51) -> 450 | Q33: =IF(Reporte1_1!N51="","",Reporte1_1!N51) -> FLEXER|FLEXER|FLEXER | R33: =IF(Reporte1_1!X51="","",Reporte1_1!X51) -> 459 | S33: =IF(Reporte1_1!AA51="","",Reporte1_1!AA51) -> 326.007
A34: =IF(Reporte1_1!A28="","",Reporte1_1!A28) -> SCHA-419HI | B34: =IF(Reporte1_1!C28="","",Reporte1_1!C28) -> 45943 | C34: PEC | D34: =IF(Reporte1_1!G28="","",Reporte1_1!G28) -> 5 | E34: =IF(Reporte1_1!H28="","",Reporte1_1!H28) -> 1611 | F34: =IF(Reporte1_1!I28="","",Reporte1_1!I28) -> 258 | G34: =IF(Reporte1_1!J28="","",Reporte1_1!J28) -> 1353 | H34: =IF(Reporte1_1!K28="","",Reporte1_1!K28) -> 2.06 | I34: =IF(Reporte1_1!L28="","",Reporte1_1!L28) -> 83.99 | J34: =IF(Reporte1_1!M28="","",Reporte1_1!M28) -> 8 | K34: =IF(Reporte1_1!V28="","",Reporte1_1!V28) -> 2347 | L34: =IF(Reporte1_1!Q28="","",Reporte1_1!Q28) -> 29.2 | M34: =IF(Reporte1_1!R28="","",Reporte1_1!R28) -> 48 | N34: =IF(Reporte1_1!S28="","",Reporte1_1!S28) -> 0 | O34: =IF(Reporte1_1!T28="","",Reporte1_1!T28) -> 0 | P34: =IF(Reporte1_1!U28="","",Reporte1_1!U28) -> 60 | Q34: =IF(Reporte1_1!N28="","",Reporte1_1!N28) -> DN1750|DN1750|DN1750|D5-21 | R34: =IF(Reporte1_1!X28="","",Reporte1_1!X28) -> 371 | S34: =IF(Reporte1_1!AA28="","",Reporte1_1!AA28) -> 261.21
A35: =IF(Reporte1_1!A259="","",Reporte1_1!A259) -> SCHP-188UI | B35: =IF(Reporte1_1!C259="","",Reporte1_1!C259) -> 45944 | C35: PEC | D35: =IF(Reporte1_1!G259="","",Reporte1_1!G259) -> 6 | E35: =IF(Reporte1_1!H259="","",Reporte1_1!H259) -> 1581 | F35: =IF(Reporte1_1!I259="","",Reporte1_1!I259) -> 696 | G35: =IF(Reporte1_1!J259="","",Reporte1_1!J259) -> 885 | H35: =IF(Reporte1_1!K259="","",Reporte1_1!K259) -> 108 | I35: =IF(Reporte1_1!L259="","",Reporte1_1!L259) -> 55.98 | J35: =IF(Reporte1_1!M259="","",Reporte1_1!M259) -> 155 | K35: =IF(Reporte1_1!V259="","",Reporte1_1!V259) -> 513 | L35: =IF(Reporte1_1!Q259="","",Reporte1_1!Q259) -> 24.2 | M35: =IF(Reporte1_1!R259="","",Reporte1_1!R259) -> 128 | N35: =IF(Reporte1_1!S259="","",Reporte1_1!S259) -> 0 | O35: =IF(Reporte1_1!T259="","",Reporte1_1!T259) -> 0 | P35: =IF(Reporte1_1!U259="","",Reporte1_1!U259) -> 160 | Q35: =IF(Reporte1_1!N259="","",Reporte1_1!N259) -> NHV2100 FLT|NHV2100 FLT|NHV2100 FLT | R35: =IF(Reporte1_1!X259="","",Reporte1_1!X259) -> 446 | S35: =IF(Reporte1_1!AA259="","",Reporte1_1!AA259) -> 704.66
A36: =IF(Reporte1_1!A210="","",Reporte1_1!A210) -> SCHAF-539HS1UI | B36: =IF(Reporte1_1!C210="","",Reporte1_1!C210) -> 45944 | C36: PEC | D36: =IF(Reporte1_1!G210="","",Reporte1_1!G210) -> 4 | E36: =IF(Reporte1_1!H210="","",Reporte1_1!H210) -> 1412 | F36: =IF(Reporte1_1!I210="","",Reporte1_1!I210) -> 282 | G36: =IF(Reporte1_1!J210="","",Reporte1_1!J210) -> 1130 | H36: =IF(Reporte1_1!K210="","",Reporte1_1!K210) -> 169.2 | I36: =IF(Reporte1_1!L210="","",Reporte1_1!L210) -> 80.03 | J36: =IF(Reporte1_1!M210="","",Reporte1_1!M210) -> 600 | K36: =IF(Reporte1_1!V210="","",Reporte1_1!V210) -> 474 | L36: =IF(Reporte1_1!Q210="","",Reporte1_1!Q210) -> 17.4 | M36: =IF(Reporte1_1!R210="","",Reporte1_1!R210) -> 57 | N36: =IF(Reporte1_1!S210="","",Reporte1_1!S210) -> 0 | O36: =IF(Reporte1_1!T210="","",Reporte1_1!T210) -> 0 | P36: =IF(Reporte1_1!U210="","",Reporte1_1!U210) -> 180 | Q36: =IF(Reporte1_1!N210="","",Reporte1_1!N210) -> DN1750|DN1750|DN1750|D5-21 | R36: =IF(Reporte1_1!X210="","",Reporte1_1!X210) -> 437 | S36: =IF(Reporte1_1!AA210="","",Reporte1_1!AA210) -> 285.509
A37: =IF(Reporte1_1!A262="","",Reporte1_1!A262) -> SCHQ-468UI | B37: =IF(Reporte1_1!C262="","",Reporte1_1!C262) -> 45944 | C37: PEC | D37: =IF(Reporte1_1!G262="","",Reporte1_1!G262) -> 5 | E37: =IF(Reporte1_1!H262="","",Reporte1_1!H262) -> 1409 | F37: =IF(Reporte1_1!I262="","",Reporte1_1!I262) -> 282 | G37: =IF(Reporte1_1!J262="","",Reporte1_1!J262) -> 1127 | H37: =IF(Reporte1_1!K262="","",Reporte1_1!K262) -> 2.26 | I37: =IF(Reporte1_1!L262="","",Reporte1_1!L262) -> 79.99 | J37: =IF(Reporte1_1!M262="","",Reporte1_1!M262) -> 8 | K37: =IF(Reporte1_1!V262="","",Reporte1_1!V262) -> 324 | L37: =IF(Reporte1_1!Q262="","",Reporte1_1!Q262) -> 24 | M37: =IF(Reporte1_1!R262="","",Reporte1_1!R262) -> 60 | N37: =IF(Reporte1_1!S262="","",Reporte1_1!S262) -> 0 | O37: =IF(Reporte1_1!T262="","",Reporte1_1!T262) -> 0 | P37: =IF(Reporte1_1!U262="","",Reporte1_1!U262) -> 150 | Q37: =IF(Reporte1_1!N262="","",Reporte1_1!N262) -> SF-1750|SF-1750|SF-1750|SF-2700 | R37: =IF(Reporte1_1!X262="","",Reporte1_1!X262) -> 470 | S37: =IF(Reporte1_1!AA262="","",Reporte1_1!AA262) -> 285.509
A38: =IF(Reporte1_1!A209="","",Reporte1_1!A209) -> SCHAF-529HUI | B38: =IF(Reporte1_1!C209="","",Reporte1_1!C209) -> 45947 | C38: PEC | D38: =IF(Reporte1_1!G209="","",Reporte1_1!G209) -> 4 | E38: =IF(Reporte1_1!H209="","",Reporte1_1!H209) -> 1406 | F38: =IF(Reporte1_1!I209="","",Reporte1_1!I209) -> 1350 | G38: =IF(Reporte1_1!J209="","",Reporte1_1!J209) -> 56 | H38: =IF(Reporte1_1!K209="","",Reporte1_1!K209) -> 473.69 | I38: =IF(Reporte1_1!L209="","",Reporte1_1!L209) -> 3.98 | J38: =IF(Reporte1_1!M209="","",Reporte1_1!M209) -> 351 | K38: =IF(Reporte1_1!V209="","",Reporte1_1!V209) -> 141 | L38: =IF(Reporte1_1!Q209="","",Reporte1_1!Q209) -> 20.1 | M38: =IF(Reporte1_1!R209="","",Reporte1_1!R209) -> 57 | N38: =IF(Reporte1_1!S209="","",Reporte1_1!S209) -> 0 | O38: =IF(Reporte1_1!T209="","",Reporte1_1!T209) -> 0 | P38: =IF(Reporte1_1!U209="","",Reporte1_1!U209) -> 260 | Q38: =IF(Reporte1_1!N209="","",Reporte1_1!N209) -> SF-2700|SF-2700|SF-2700|SF-2700 | R38: =IF(Reporte1_1!X209="","",Reporte1_1!X209) -> 458 | S38: =IF(Reporte1_1!AA209="","",Reporte1_1!AA209) -> 1366.798
A39: =IF(Reporte1_1!A6="","",Reporte1_1!A6) -> SCH-018UI | B39: =IF(Reporte1_1!C6="","",Reporte1_1!C6) -> 45951 | C39: PEC | D39: =IF(Reporte1_1!G6="","",Reporte1_1!G6) -> 4 | E39: =IF(Reporte1_1!H6="","",Reporte1_1!H6) -> 1369 | F39: =IF(Reporte1_1!I6="","",Reporte1_1!I6) -> 356 | G39: =IF(Reporte1_1!J6="","",Reporte1_1!J6) -> 1013 | H39: =IF(Reporte1_1!K6="","",Reporte1_1!K6) -> 106.09 | I39: =IF(Reporte1_1!L6="","",Reporte1_1!L6) -> 74 | J39: =IF(Reporte1_1!M6="","",Reporte1_1!M6) -> 298 | K39: =IF(Reporte1_1!V6="","",Reporte1_1!V6) -> 411 | L39: =IF(Reporte1_1!Q6="","",Reporte1_1!Q6) -> 25.1 | M39: =IF(Reporte1_1!R6="","",Reporte1_1!R6) -> 122 | N39: =IF(Reporte1_1!S6="","",Reporte1_1!S6) -> 0 | O39: =IF(Reporte1_1!T6="","",Reporte1_1!T6) -> 0 | P39: =IF(Reporte1_1!U6="","",Reporte1_1!U6) -> 90 | Q39: =IF(Reporte1_1!N6="","",Reporte1_1!N6) -> NH2100M|NH2100M|NH2100M|N406MPP940 | R39: =IF(Reporte1_1!X6="","",Reporte1_1!X6) -> 431 | S39: =IF(Reporte1_1!AA6="","",Reporte1_1!AA6) -> 360.43
A40: =IF(Reporte1_1!A246="","",Reporte1_1!A246) -> SCHAR-500UI | B40: =IF(Reporte1_1!C246="","",Reporte1_1!C246) -> 45952 | C40: PEC | D40: =IF(Reporte1_1!G246="","",Reporte1_1!G246) -> 3 | E40: =IF(Reporte1_1!H246="","",Reporte1_1!H246) -> 1354 | F40: =IF(Reporte1_1!I246="","",Reporte1_1!I246) -> 1056 | G40: =IF(Reporte1_1!J246="","",Reporte1_1!J246) -> 298 | H40: =IF(Reporte1_1!K246="","",Reporte1_1!K246) -> 633.67 | I40: =IF(Reporte1_1!L246="","",Reporte1_1!L246) -> 22.01 | J40: =IF(Reporte1_1!M246="","",Reporte1_1!M246) -> 600 | K40: =IF(Reporte1_1!V246="","",Reporte1_1!V246) -> 662 | L40: =IF(Reporte1_1!Q246="","",Reporte1_1!Q246) -> 20.7 | M40: =IF(Reporte1_1!R246="","",Reporte1_1!R246) -> 64 | N40: =IF(Reporte1_1!S246="","",Reporte1_1!S246) -> 0 | O40: =IF(Reporte1_1!T246="","",Reporte1_1!T246) -> 0 | P40: =IF(Reporte1_1!U246="","",Reporte1_1!U246) -> 270 | Q40: =IF(Reporte1_1!N246="","",Reporte1_1!N246) -> E3000 SSD|E3000 SSD|E3000 SSD | R40: =IF(Reporte1_1!X246="","",Reporte1_1!X246) -> 475 | S40: =IF(Reporte1_1!AA246="","",Reporte1_1!AA246) -> 1069.14
A41: =IF(Reporte1_1!A19="","",Reporte1_1!A19) -> SCH-134U | B41: =IF(Reporte1_1!C19="","",Reporte1_1!C19) -> 45950 | C41: PEC | D41: =IF(Reporte1_1!G19="","",Reporte1_1!G19) -> 4 | E41: =IF(Reporte1_1!H19="","",Reporte1_1!H19) -> 1335 | F41: =IF(Reporte1_1!I19="","",Reporte1_1!I19) -> 748 | G41: =IF(Reporte1_1!J19="","",Reporte1_1!J19) -> 587 | H41: =IF(Reporte1_1!K19="","",Reporte1_1!K19) -> 216.92 | I41: =IF(Reporte1_1!L19="","",Reporte1_1!L19) -> 43.97 | J41: =IF(Reporte1_1!M19="","",Reporte1_1!M19) -> 290 | K41: =IF(Reporte1_1!V19="","",Reporte1_1!V19) -> 574 | L41: =IF(Reporte1_1!Q19="","",Reporte1_1!Q19) -> 25.2 | M41: =IF(Reporte1_1!R19="","",Reporte1_1!R19) -> 62 | N41: =IF(Reporte1_1!S19="","",Reporte1_1!S19) -> 0 | O41: =IF(Reporte1_1!T19="","",Reporte1_1!T19) -> 0 | P41: =IF(Reporte1_1!U19="","",Reporte1_1!U19) -> 140 | Q41: =IF(Reporte1_1!N19="","",Reporte1_1!N19) -> SF-2700|SF-2700|SF-2700|SF-2700 | R41: =IF(Reporte1_1!X19="","",Reporte1_1!X19) -> 479 | S41: =IF(Reporte1_1!AA19="","",Reporte1_1!AA19) -> 757.307
A42: =IF(Reporte1_1!A86="","",Reporte1_1!A86) -> SCHT-229UI | B42: =IF(Reporte1_1!C86="","",Reporte1_1!C86) -> 45938 | C42: PEC | D42: =IF(Reporte1_1!G86="","",Reporte1_1!G86) -> 5 | E42: =IF(Reporte1_1!H86="","",Reporte1_1!H86) -> 1324 | F42: =IF(Reporte1_1!I86="","",Reporte1_1!I86) -> 212 | G42: =IF(Reporte1_1!J86="","",Reporte1_1!J86) -> 1112 | H42: =IF(Reporte1_1!K86="","",Reporte1_1!K86) -> 43.04 | I42: =IF(Reporte1_1!L86="","",Reporte1_1!L86) -> 83.99 | J42: =IF(Reporte1_1!M86="","",Reporte1_1!M86) -> 203 | K42: =IF(Reporte1_1!V86="","",Reporte1_1!V86) -> 320 | L42: =IF(Reporte1_1!Q86="","",Reporte1_1!Q86) -> 17.2 | M42: =IF(Reporte1_1!R86="","",Reporte1_1!R86) -> 61 | N42: =IF(Reporte1_1!S86="","",Reporte1_1!S86) -> 0 | O42: =IF(Reporte1_1!T86="","",Reporte1_1!T86) -> 0 | P42: =IF(Reporte1_1!U86="","",Reporte1_1!U86) -> 30 | Q42: =IF(Reporte1_1!N86="","",Reporte1_1!N86) -> WD-1750|WD-1750|WD-1750|WD-1750 | R42: =IF(Reporte1_1!X86="","",Reporte1_1!X86) -> 452 | S42: =IF(Reporte1_1!AA86="","",Reporte1_1!AA86) -> 214.638
A43: =IF(Reporte1_1!A27="","",Reporte1_1!A27) -> SCHA-418UI | B43: =IF(Reporte1_1!C27="","",Reporte1_1!C27) -> 45939 | C43: PEC | D43: =IF(Reporte1_1!G27="","",Reporte1_1!G27) -> 3 | E43: =IF(Reporte1_1!H27="","",Reporte1_1!H27) -> 1316 | F43: =IF(Reporte1_1!I27="","",Reporte1_1!I27) -> 1053 | G43: =IF(Reporte1_1!J27="","",Reporte1_1!J27) -> 263 | H43: =IF(Reporte1_1!K27="","",Reporte1_1!K27) -> 298 | I43: =IF(Reporte1_1!L27="","",Reporte1_1!L27) -> 19.99 | J43: =IF(Reporte1_1!M27="","",Reporte1_1!M27) -> 283 | K43: =IF(Reporte1_1!V27="","",Reporte1_1!V27) -> 591 | L43: =IF(Reporte1_1!Q27="","",Reporte1_1!Q27) -> 26.4 | M43: =IF(Reporte1_1!R27="","",Reporte1_1!R27) -> 68 | N43: =IF(Reporte1_1!S27="","",Reporte1_1!S27) -> 0 | O43: =IF(Reporte1_1!T27="","",Reporte1_1!T27) -> 0 | P43: =IF(Reporte1_1!U27="","",Reporte1_1!U27) -> 400 | Q43: =IF(Reporte1_1!N27="","",Reporte1_1!N27) -> WD-1750|WD-1750|WD-1750|WD-1750 | R43: =IF(Reporte1_1!X27="","",Reporte1_1!X27) -> 530 | S43: =IF(Reporte1_1!AA27="","",Reporte1_1!AA27) -> 1066.103
A44: =IF(Reporte1_1!A238="","",Reporte1_1!A238) -> SCHAQ-497UI | B44: =IF(Reporte1_1!C238="","",Reporte1_1!C238) -> 45950 | C44: PEC | D44: =IF(Reporte1_1!G238="","",Reporte1_1!G238) -> 5 | E44: =IF(Reporte1_1!H238="","",Reporte1_1!H238) -> 1300 | F44: =IF(Reporte1_1!I238="","",Reporte1_1!I238) -> 416 | G44: =IF(Reporte1_1!J238="","",Reporte1_1!J238) -> 884 | H44: =IF(Reporte1_1!K238="","",Reporte1_1!K238) -> 166.4 | I44: =IF(Reporte1_1!L238="","",Reporte1_1!L238) -> 68 | J44: =IF(Reporte1_1!M238="","",Reporte1_1!M238) -> 400 | K44: =IF(Reporte1_1!V238="","",Reporte1_1!V238) -> 265 | L44: =IF(Reporte1_1!Q238="","",Reporte1_1!Q238) -> 19.5 | M44: =IF(Reporte1_1!R238="","",Reporte1_1!R238) -> 60 | N44: =IF(Reporte1_1!S238="","",Reporte1_1!S238) -> 0 | O44: =IF(Reporte1_1!T238="","",Reporte1_1!T238) -> 0 | P44: =IF(Reporte1_1!U238="","",Reporte1_1!U238) -> 90 | Q44: =IF(Reporte1_1!N238="","",Reporte1_1!N238) -> WD-1750|WD-1750|WD-1750|WD-1750 | R44: =IF(Reporte1_1!X238="","",Reporte1_1!X238) -> 465 | S44: =IF(Reporte1_1!AA238="","",Reporte1_1!AA238) -> 421.176
A45: =IF(Reporte1_1!A184="","",Reporte1_1!A184) -> SCHAB-614UI | B45: =IF(Reporte1_1!C184="","",Reporte1_1!C184) -> 45947 | C45: PEC | D45: =IF(Reporte1_1!G184="","",Reporte1_1!G184) -> 4 | E45: =IF(Reporte1_1!H184="","",Reporte1_1!H184) -> 1299 | F45: =IF(Reporte1_1!I184="","",Reporte1_1!I184) -> 338 | G45: =IF(Reporte1_1!J184="","",Reporte1_1!J184) -> 961 | H45: =IF(Reporte1_1!K184="","",Reporte1_1!K184) -> 202.8 | I45: =IF(Reporte1_1!L184="","",Reporte1_1!L184) -> 73.98 | J45: =IF(Reporte1_1!M184="","",Reporte1_1!M184) -> 600 | K45: =IF(Reporte1_1!V184="","",Reporte1_1!V184) -> 439 | L45: =IF(Reporte1_1!Q184="","",Reporte1_1!Q184) -> 20.7 | M45: =IF(Reporte1_1!R184="","",Reporte1_1!R184) -> 57 | N45: =IF(Reporte1_1!S184="","",Reporte1_1!S184) -> 0 | O45: =IF(Reporte1_1!T184="","",Reporte1_1!T184) -> 0 | P45: =IF(Reporte1_1!U184="","",Reporte1_1!U184) -> 180 | Q45: =IF(Reporte1_1!N184="","",Reporte1_1!N184) -> DN1750|DN1750|DN1750|DN1750 | R45: =IF(Reporte1_1!X184="","",Reporte1_1!X184) -> 439 | S45: =IF(Reporte1_1!AA184="","",Reporte1_1!AA184) -> 342.206
A46: =IF(Reporte1_1!A26="","",Reporte1_1!A26) -> SCHA-417HI | B46: =IF(Reporte1_1!C26="","",Reporte1_1!C26) -> 45948 | C46: PEC | D46: =IF(Reporte1_1!G26="","",Reporte1_1!G26) -> 5 | E46: =IF(Reporte1_1!H26="","",Reporte1_1!H26) -> 1290 | F46: =IF(Reporte1_1!I26="","",Reporte1_1!I26) -> 258 | G46: =IF(Reporte1_1!J26="","",Reporte1_1!J26) -> 1032 | H46: =IF(Reporte1_1!K26="","",Reporte1_1!K26) -> 2.06 | I46: =IF(Reporte1_1!L26="","",Reporte1_1!L26) -> 80 | J46: =IF(Reporte1_1!M26="","",Reporte1_1!M26) -> 8 | K46: =IF(Reporte1_1!V26="","",Reporte1_1!V26) -> 1315 | L46: =IF(Reporte1_1!Q26="","",Reporte1_1!Q26) -> 28.7 | M46: =IF(Reporte1_1!R26="","",Reporte1_1!R26) -> 52 | N46: =IF(Reporte1_1!S26="","",Reporte1_1!S26) -> 0 | O46: =IF(Reporte1_1!T26="","",Reporte1_1!T26) -> 0 | P46: =IF(Reporte1_1!U26="","",Reporte1_1!U26) -> 60 | Q46: =IF(Reporte1_1!N26="","",Reporte1_1!N26) -> FLEXer|FLEXer|FLEXer | R46: =IF(Reporte1_1!X26="","",Reporte1_1!X26) -> 415 | S46: =IF(Reporte1_1!AA26="","",Reporte1_1!AA26) -> 261.21
A47: =IF(Reporte1_1!A233="","",Reporte1_1!A233) -> SCHAQ-492UI | B47: =IF(Reporte1_1!C233="","",Reporte1_1!C233) -> 45952 | C47: PEC | D47: =IF(Reporte1_1!G233="","",Reporte1_1!G233) -> 4 | E47: =IF(Reporte1_1!H233="","",Reporte1_1!H233) -> 1289 | F47: =IF(Reporte1_1!I233="","",Reporte1_1!I233) -> 1083 | G47: =IF(Reporte1_1!J233="","",Reporte1_1!J233) -> 206 | H47: =IF(Reporte1_1!K233="","",Reporte1_1!K233) -> 433.2 | I47: =IF(Reporte1_1!L233="","",Reporte1_1!L233) -> 15.98 | J47: =IF(Reporte1_1!M233="","",Reporte1_1!M233) -> 400 | K47: =IF(Reporte1_1!V233="","",Reporte1_1!V233) -> 265 | L47: =IF(Reporte1_1!Q233="","",Reporte1_1!Q233) -> 19 | M47: =IF(Reporte1_1!R233="","",Reporte1_1!R233) -> 59.5 | N47: =IF(Reporte1_1!S233="","",Reporte1_1!S233) -> 0 | O47: =IF(Reporte1_1!T233="","",Reporte1_1!T233) -> 0 | P47: =IF(Reporte1_1!U233="","",Reporte1_1!U233) -> 280 | Q47: =IF(Reporte1_1!N233="","",Reporte1_1!N233) -> WD-3000|WD-3000|WD-3000|WD-3000 | R47: =IF(Reporte1_1!X233="","",Reporte1_1!X233) -> 476 | S47: =IF(Reporte1_1!AA233="","",Reporte1_1!AA233) -> 1096.476
A48: =IF(Reporte1_1!A11="","",Reporte1_1!A11) -> SCH-087BT | B48: =IF(Reporte1_1!C11="","",Reporte1_1!C11) -> 45949 | C48: PEC | D48: =IF(Reporte1_1!G11="","",Reporte1_1!G11) -> 4 | E48: =IF(Reporte1_1!H11="","",Reporte1_1!H11) -> 1275 | F48: =IF(Reporte1_1!I11="","",Reporte1_1!I11) -> 204 | G48: =IF(Reporte1_1!J11="","",Reporte1_1!J11) -> 1071 | H48: =IF(Reporte1_1!K11="","",Reporte1_1!K11) -> 61 | I48: =IF(Reporte1_1!L11="","",Reporte1_1!L11) -> 84 | J48: =IF(Reporte1_1!M11="","",Reporte1_1!M11) -> 299 | K48: =IF(Reporte1_1!V11="","",Reporte1_1!V11) -> 332 | L48: =IF(Reporte1_1!Q11="","",Reporte1_1!Q11) -> 24 | M48: =IF(Reporte1_1!R11="","",Reporte1_1!R11) -> 59 | N48: =IF(Reporte1_1!S11="","",Reporte1_1!S11) -> 0 | O48: =IF(Reporte1_1!T11="","",Reporte1_1!T11) -> 0 | P48: =IF(Reporte1_1!U11="","",Reporte1_1!U11) -> 350 | Q48: =IF(Reporte1_1!N11="","",Reporte1_1!N11) -> FLEX 17.5|FLEX 17.5|FLEX 17.5|FLEXER | R48: =IF(Reporte1_1!X11="","",Reporte1_1!X11) -> 412 | S48: =IF(Reporte1_1!AA11="","",Reporte1_1!AA11) -> 206.538
A49: =IF(Reporte1_1!A132="","",Reporte1_1!A132) -> SCHH-237R1HS | B49: =IF(Reporte1_1!C132="","",Reporte1_1!C132) -> 45949 | C49: PEC | D49: =IF(Reporte1_1!G132="","",Reporte1_1!G132) -> 6 | E49: =IF(Reporte1_1!H132="","",Reporte1_1!H132) -> 1275 | F49: =IF(Reporte1_1!I132="","",Reporte1_1!I132) -> 229 | G49: =IF(Reporte1_1!J132="","",Reporte1_1!J132) -> 1046 | H49: =IF(Reporte1_1!K132="","",Reporte1_1!K132) -> 34.58 | I49: =IF(Reporte1_1!L132="","",Reporte1_1!L132) -> 82 | J49: =IF(Reporte1_1!M132="","",Reporte1_1!M132) -> 151 | K49: =IF(Reporte1_1!V132="","",Reporte1_1!V132) -> 0 | L49: =IF(Reporte1_1!Q132="","",Reporte1_1!Q132) -> 24.3 | M49: =IF(Reporte1_1!R132="","",Reporte1_1!R132) -> 0 | N49: =IF(Reporte1_1!S132="","",Reporte1_1!S132) -> 0 | O49: =IF(Reporte1_1!T132="","",Reporte1_1!T132) -> 3162 | P49: =IF(Reporte1_1!U132="","",Reporte1_1!U132) -> 2900 | Q49: =IF(Reporte1_1!N132="","",Reporte1_1!N132) -> JET 12K | R49: =IF(Reporte1_1!X132="","",Reporte1_1!X132) -> 0 | S49: =IF(Reporte1_1!AA132="","",Reporte1_1!AA132) -> 217.351
A50: =IF(Reporte1_1!A12="","",Reporte1_1!A12) -> SCH-088T | B50: =IF(Reporte1_1!C12="","",Reporte1_1!C12) -> 45940 | C50: PEC | D50: =IF(Reporte1_1!G12="","",Reporte1_1!G12) -> 3 | E50: =IF(Reporte1_1!H12="","",Reporte1_1!H12) -> 1189 | F50: =IF(Reporte1_1!I12="","",Reporte1_1!I12) -> 618 | G50: =IF(Reporte1_1!J12="","",Reporte1_1!J12) -> 571 | H50: =IF(Reporte1_1!K12="","",Reporte1_1!K12) -> 234.84 | I50: =IF(Reporte1_1!L12="","",Reporte1_1!L12) -> 48.02 | J50: =IF(Reporte1_1!M12="","",Reporte1_1!M12) -> 380 | K50: =IF(Reporte1_1!V12="","",Reporte1_1!V12) -> 298 | L50: =IF(Reporte1_1!Q12="","",Reporte1_1!Q12) -> 28.1 | M50: =IF(Reporte1_1!R12="","",Reporte1_1!R12) -> 60.5 | N50: =IF(Reporte1_1!S12="","",Reporte1_1!S12) -> 0 | O50: =IF(Reporte1_1!T12="","",Reporte1_1!T12) -> 0 | P50: =IF(Reporte1_1!U12="","",Reporte1_1!U12) -> 200 | Q50: =IF(Reporte1_1!N12="","",Reporte1_1!N12) -> DN1750|DN1750|DN1750|DN1750 | R50: =IF(Reporte1_1!X12="","",Reporte1_1!X12) -> 444 | S50: =IF(Reporte1_1!AA12="","",Reporte1_1!AA12) -> 312.845
A51: =IF(Reporte1_1!A231="","",Reporte1_1!A231) -> SCHAQ-490UI | B51: =IF(Reporte1_1!C231="","",Reporte1_1!C231) -> 45948 | C51: PEC | D51: =IF(Reporte1_1!G231="","",Reporte1_1!G231) -> 4 | E51: =IF(Reporte1_1!H231="","",Reporte1_1!H231) -> 1178 | F51: =IF(Reporte1_1!I231="","",Reporte1_1!I231) -> 283 | G51: =IF(Reporte1_1!J231="","",Reporte1_1!J231) -> 895 | H51: =IF(Reporte1_1!K231="","",Reporte1_1!K231) -> 113.6 | I51: =IF(Reporte1_1!L231="","",Reporte1_1!L231) -> 75.98 | J51: =IF(Reporte1_1!M231="","",Reporte1_1!M231) -> 401 | K51: =IF(Reporte1_1!V231="","",Reporte1_1!V231) -> 392 | L51: =IF(Reporte1_1!Q231="","",Reporte1_1!Q231) -> 19 | M51: =IF(Reporte1_1!R231="","",Reporte1_1!R231) -> 55 | N51: =IF(Reporte1_1!S231="","",Reporte1_1!S231) -> 0 | O51: =IF(Reporte1_1!T231="","",Reporte1_1!T231) -> 0 | P51: =IF(Reporte1_1!U231="","",Reporte1_1!U231) -> 115 | Q51: =IF(Reporte1_1!N231="","",Reporte1_1!N231) -> FLEX 17.5|FLEX 17.5|FLEX 17.5|FLEXER | R51: =IF(Reporte1_1!X231="","",Reporte1_1!X231) -> 440 | S51: =IF(Reporte1_1!AA231="","",Reporte1_1!AA231) -> 286.521
A52: =IF(Reporte1_1!A73="","",Reporte1_1!A73) -> SCHAO-478HUI | B52: =IF(Reporte1_1!C73="","",Reporte1_1!C73) -> 45950 | C52: PEC | D52: =IF(Reporte1_1!G73="","",Reporte1_1!G73) -> 3 | E52: =IF(Reporte1_1!H73="","",Reporte1_1!H73) -> 1132 | F52: =IF(Reporte1_1!I73="","",Reporte1_1!I73) -> 272 | G52: =IF(Reporte1_1!J73="","",Reporte1_1!J73) -> 860 | H52: =IF(Reporte1_1!K73="","",Reporte1_1!K73) -> 217.6 | I52: =IF(Reporte1_1!L73="","",Reporte1_1!L73) -> 75.97 | J52: =IF(Reporte1_1!M73="","",Reporte1_1!M73) -> 800 | K52: =IF(Reporte1_1!V73="","",Reporte1_1!V73) -> 461 | L52: =IF(Reporte1_1!Q73="","",Reporte1_1!Q73) -> 18.8 | M52: =IF(Reporte1_1!R73="","",Reporte1_1!R73) -> 55 | N52: =IF(Reporte1_1!S73="","",Reporte1_1!S73) -> 0 | O52: =IF(Reporte1_1!T73="","",Reporte1_1!T73) -> 0 | P52: =IF(Reporte1_1!U73="","",Reporte1_1!U73) -> 105 | Q52: =IF(Reporte1_1!N73="","",Reporte1_1!N73) -> WD-1750|WD-1750|WD-1750|WD-1750 | R52: =IF(Reporte1_1!X73="","",Reporte1_1!X73) -> 465 | S52: =IF(Reporte1_1!AA73="","",Reporte1_1!AA73) -> 275.385
A53: =IF(Reporte1_1!A70="","",Reporte1_1!A70) -> SCHAO-475HUI | B53: =IF(Reporte1_1!C70="","",Reporte1_1!C70) -> 45944 | C53: PEC | D53: =IF(Reporte1_1!G70="","",Reporte1_1!G70) -> 3 | E53: =IF(Reporte1_1!H70="","",Reporte1_1!H70) -> 1125 | F53: =IF(Reporte1_1!I70="","",Reporte1_1!I70) -> 450 | G53: =IF(Reporte1_1!J70="","",Reporte1_1!J70) -> 675 | H53: =IF(Reporte1_1!K70="","",Reporte1_1!K70) -> 69.75 | I53: =IF(Reporte1_1!L70="","",Reporte1_1!L70) -> 60 | J53: =IF(Reporte1_1!M70="","",Reporte1_1!M70) -> 155 | K53: =IF(Reporte1_1!V70="","",Reporte1_1!V70) -> 394 | L53: =IF(Reporte1_1!Q70="","",Reporte1_1!Q70) -> 19.6 | M53: =IF(Reporte1_1!R70="","",Reporte1_1!R70) -> 59 | N53: =IF(Reporte1_1!S70="","",Reporte1_1!S70) -> 0 | O53: =IF(Reporte1_1!T70="","",Reporte1_1!T70) -> 0 | P53: =IF(Reporte1_1!U70="","",Reporte1_1!U70) -> 160 | Q53: =IF(Reporte1_1!N70="","",Reporte1_1!N70) -> DN1750|DN1750|DN1750|DN1750|D5-21|D5-21 | R53: =IF(Reporte1_1!X70="","",Reporte1_1!X70) -> 430 | S53: =IF(Reporte1_1!AA70="","",Reporte1_1!AA70) -> 455.599
A54: =IF(Reporte1_1!A164="","",Reporte1_1!A164) -> SCH-142UI | B54: =IF(Reporte1_1!C164="","",Reporte1_1!C164) -> 45948 | C54: PEC | D54: =IF(Reporte1_1!G164="","",Reporte1_1!G164) -> 5 | E54: =IF(Reporte1_1!H164="","",Reporte1_1!H164) -> 1122 | F54: =IF(Reporte1_1!I164="","",Reporte1_1!I164) -> 180 | G54: =IF(Reporte1_1!J164="","",Reporte1_1!J164) -> 942 | H54: =IF(Reporte1_1!K164="","",Reporte1_1!K164) -> 56.87 | I54: =IF(Reporte1_1!L164="","",Reporte1_1!L164) -> 83.96 | J54: =IF(Reporte1_1!M164="","",Reporte1_1!M164) -> 316 | K54: =IF(Reporte1_1!V164="","",Reporte1_1!V164) -> 259 | L54: =IF(Reporte1_1!Q164="","",Reporte1_1!Q164) -> 23.9 | M54: =IF(Reporte1_1!R164="","",Reporte1_1!R164) -> 60 | N54: =IF(Reporte1_1!S164="","",Reporte1_1!S164) -> 0 | O54: =IF(Reporte1_1!T164="","",Reporte1_1!T164) -> 0 | P54: =IF(Reporte1_1!U164="","",Reporte1_1!U164) -> 180 | Q54: =IF(Reporte1_1!N164="","",Reporte1_1!N164) -> E1000|E1000|E1000|FLEX 17.5 | R54: =IF(Reporte1_1!X164="","",Reporte1_1!X164) -> 472 | S54: =IF(Reporte1_1!AA164="","",Reporte1_1!AA164) -> 182.239
A55: =IF(Reporte1_1!A180="","",Reporte1_1!A180) -> SCHAB-316UI | B55: =IF(Reporte1_1!C180="","",Reporte1_1!C180) -> 45952 | C55: PEC | D55: =IF(Reporte1_1!G180="","",Reporte1_1!G180) -> 4 | E55: =IF(Reporte1_1!H180="","",Reporte1_1!H180) -> 1042 | F55: =IF(Reporte1_1!I180="","",Reporte1_1!I180) -> 125 | G55: =IF(Reporte1_1!J180="","",Reporte1_1!J180) -> 917 | H55: =IF(Reporte1_1!K180="","",Reporte1_1!K180) -> 36.13 | I55: =IF(Reporte1_1!L180="","",Reporte1_1!L180) -> 88 | J55: =IF(Reporte1_1!M180="","",Reporte1_1!M180) -> 289 | K55: =IF(Reporte1_1!V180="","",Reporte1_1!V180) -> 149 | L55: =IF(Reporte1_1!Q180="","",Reporte1_1!Q180) -> 18.1 | M55: =IF(Reporte1_1!R180="","",Reporte1_1!R180) -> 62 | N55: =IF(Reporte1_1!S180="","",Reporte1_1!S180) -> 0 | O55: =IF(Reporte1_1!T180="","",Reporte1_1!T180) -> 0 | P55: =IF(Reporte1_1!U180="","",Reporte1_1!U180) -> 430 | Q55: =IF(Reporte1_1!N180="","",Reporte1_1!N180) -> NH940M|NH940M|NHV2100 FLT | R55: =IF(Reporte1_1!X180="","",Reporte1_1!X180) -> 435 | S55: =IF(Reporte1_1!AA180="","",Reporte1_1!AA180) -> 126.555
A56: =IF(Reporte1_1!A229="","",Reporte1_1!A229) -> SCHAJ-428TI | B56: =IF(Reporte1_1!C229="","",Reporte1_1!C229) -> 45952 | C56: PEC | D56: =IF(Reporte1_1!G229="","",Reporte1_1!G229) -> 4 | E56: =IF(Reporte1_1!H229="","",Reporte1_1!H229) -> 1038 | F56: =IF(Reporte1_1!I229="","",Reporte1_1!I229) -> 208 | G56: =IF(Reporte1_1!J229="","",Reporte1_1!J229) -> 830 | H56: =IF(Reporte1_1!K229="","",Reporte1_1!K229) -> 59.25 | I56: =IF(Reporte1_1!L229="","",Reporte1_1!L229) -> 79.96 | J56: =IF(Reporte1_1!M229="","",Reporte1_1!M229) -> 285 | K56: =IF(Reporte1_1!V229="","",Reporte1_1!V229) -> 300 | L56: =IF(Reporte1_1!Q229="","",Reporte1_1!Q229) -> 28.5 | M56: =IF(Reporte1_1!R229="","",Reporte1_1!R229) -> 57 | N56: =IF(Reporte1_1!S229="","",Reporte1_1!S229) -> 0 | O56: =IF(Reporte1_1!T229="","",Reporte1_1!T229) -> 0 | P56: =IF(Reporte1_1!U229="","",Reporte1_1!U229) -> 300 | Q56: =IF(Reporte1_1!N229="","",Reporte1_1!N229) -> SF-900|SF-900|SF-900|SF-900 | R56: =IF(Reporte1_1!X229="","",Reporte1_1!X229) -> 456 | S56: =IF(Reporte1_1!AA229="","",Reporte1_1!AA229) -> 210.588
A57: =IF(Reporte1_1!A80="","",Reporte1_1!A80) -> SCHD-256TI | B57: =IF(Reporte1_1!C80="","",Reporte1_1!C80) -> 45950 | C57: PEC | D57: =IF(Reporte1_1!G80="","",Reporte1_1!G80) -> 4 | E57: =IF(Reporte1_1!H80="","",Reporte1_1!H80) -> 987 | F57: =IF(Reporte1_1!I80="","",Reporte1_1!I80) -> 967 | G57: =IF(Reporte1_1!J80="","",Reporte1_1!J80) -> 20 | H57: =IF(Reporte1_1!K80="","",Reporte1_1!K80) -> 290.18 | I57: =IF(Reporte1_1!L80="","",Reporte1_1!L80) -> 2.03 | J57: =IF(Reporte1_1!M80="","",Reporte1_1!M80) -> 300 | K57: =IF(Reporte1_1!V80="","",Reporte1_1!V80) -> 668 | L57: =IF(Reporte1_1!Q80="","",Reporte1_1!Q80) -> 30.3 | M57: =IF(Reporte1_1!R80="","",Reporte1_1!R80) -> 58 | N57: =IF(Reporte1_1!S80="","",Reporte1_1!S80) -> 0 | O57: =IF(Reporte1_1!T80="","",Reporte1_1!T80) -> 0 | P57: =IF(Reporte1_1!U80="","",Reporte1_1!U80) -> 150 | Q57: =IF(Reporte1_1!N80="","",Reporte1_1!N80) -> S1500N|S1500N|S1500N|S1500N | R57: =IF(Reporte1_1!X80="","",Reporte1_1!X80) -> 463 | S57: =IF(Reporte1_1!AA80="","",Reporte1_1!AA80) -> 979.033
A58: =IF(Reporte1_1!A145="","",Reporte1_1!A145) -> SCHV-242HS | B58: =IF(Reporte1_1!C145="","",Reporte1_1!C145) -> 45952 | C58: PEC | D58: =IF(Reporte1_1!G145="","",Reporte1_1!G145) -> 6 | E58: =IF(Reporte1_1!H145="","",Reporte1_1!H145) -> 983 | F58: =IF(Reporte1_1!I145="","",Reporte1_1!I145) -> 197 | G58: =IF(Reporte1_1!J145="","",Reporte1_1!J145) -> 786 | H58: =IF(Reporte1_1!K145="","",Reporte1_1!K145) -> 29.75 | I58: =IF(Reporte1_1!L145="","",Reporte1_1!L145) -> 79.96 | J58: =IF(Reporte1_1!M145="","",Reporte1_1!M145) -> 151 | K58: =IF(Reporte1_1!V145="","",Reporte1_1!V145) -> 1136 | L58: =IF(Reporte1_1!Q145="","",Reporte1_1!Q145) -> 20.5 | M58: =IF(Reporte1_1!R145="","",Reporte1_1!R145) -> 51 | N58: =IF(Reporte1_1!S145="","",Reporte1_1!S145) -> 0 | O58: =IF(Reporte1_1!T145="","",Reporte1_1!T145) -> 0 | P58: =IF(Reporte1_1!U145="","",Reporte1_1!U145) -> 40 | Q58: =IF(Reporte1_1!N145="","",Reporte1_1!N145) -> E1000|E1000|E1000|FLEX 17.5 | R58: =IF(Reporte1_1!X145="","",Reporte1_1!X145) -> 410 | S58: =IF(Reporte1_1!AA145="","",Reporte1_1!AA145) -> 186.979
A59: =IF(Reporte1_1!A96="","",Reporte1_1!A96) -> SCHAK-430UI | B59: =IF(Reporte1_1!C96="","",Reporte1_1!C96) -> 45949 | C59: PEC | D59: =IF(Reporte1_1!G96="","",Reporte1_1!G96) -> 4 | E59: =IF(Reporte1_1!H96="","",Reporte1_1!H96) -> 937 | F59: =IF(Reporte1_1!I96="","",Reporte1_1!I96) -> 75 | G59: =IF(Reporte1_1!J96="","",Reporte1_1!J96) -> 862 | H59: =IF(Reporte1_1!K96="","",Reporte1_1!K96) -> 15.23 | I59: =IF(Reporte1_1!L96="","",Reporte1_1!L96) -> 92 | J59: =IF(Reporte1_1!M96="","",Reporte1_1!M96) -> 203 | K59: =IF(Reporte1_1!V96="","",Reporte1_1!V96) -> 762 | L59: =IF(Reporte1_1!Q96="","",Reporte1_1!Q96) -> 24.6 | M59: =IF(Reporte1_1!R96="","",Reporte1_1!R96) -> 51.5 | N59: =IF(Reporte1_1!S96="","",Reporte1_1!S96) -> 0 | O59: =IF(Reporte1_1!T96="","",Reporte1_1!T96) -> 0 | P59: =IF(Reporte1_1!U96="","",Reporte1_1!U96) -> 120 | Q59: =IF(Reporte1_1!N96="","",Reporte1_1!N96) -> FLEX7ER SSD|FLEX7ER SSD|FLEX7ER SSD|FLEX 17.5 | R59: =IF(Reporte1_1!X96="","",Reporte1_1!X96) -> 376 | S59: =IF(Reporte1_1!AA96="","",Reporte1_1!AA96) -> 71.185
A60: =IF(Reporte1_1!A206="","",Reporte1_1!A206) -> SCHAF-387S1UI | B60: =IF(Reporte1_1!C206="","",Reporte1_1!C206) -> 45944 | C60: PEC | D60: =IF(Reporte1_1!G206="","",Reporte1_1!G206) -> 6 | E60: =IF(Reporte1_1!H206="","",Reporte1_1!H206) -> 912 | F60: =IF(Reporte1_1!I206="","",Reporte1_1!I206) -> 784 | G60: =IF(Reporte1_1!J206="","",Reporte1_1!J206) -> 128 | H60: =IF(Reporte1_1!K206="","",Reporte1_1!K206) -> 421.2 | I60: =IF(Reporte1_1!L206="","",Reporte1_1!L206) -> 14.04 | J60: =IF(Reporte1_1!M206="","",Reporte1_1!M206) -> 537 | K60: =IF(Reporte1_1!V206="","",Reporte1_1!V206) -> 417 | L60: =IF(Reporte1_1!Q206="","",Reporte1_1!Q206) -> 19.3 | M60: =IF(Reporte1_1!R206="","",Reporte1_1!R206) -> 60 | N60: =IF(Reporte1_1!S206="","",Reporte1_1!S206) -> 0 | O60: =IF(Reporte1_1!T206="","",Reporte1_1!T206) -> 0 | P60: =IF(Reporte1_1!U206="","",Reporte1_1!U206) -> 300 | Q60: =IF(Reporte1_1!N206="","",Reporte1_1!N206) -> WD-1000MF|WD-1000MF|WD-1000MF|WD-1000MF | R60: =IF(Reporte1_1!X206="","",Reporte1_1!X206) -> 418 | S60: =IF(Reporte1_1!AA206="","",Reporte1_1!AA206) -> 793.756
A61: =IF(Reporte1_1!A85="","",Reporte1_1!A85) -> SCHT-169UI | B61: =IF(Reporte1_1!C85="","",Reporte1_1!C85) -> 45938 | C61: PEC | D61: =IF(Reporte1_1!G85="","",Reporte1_1!G85) -> 4 | E61: =IF(Reporte1_1!H85="","",Reporte1_1!H85) -> 909 | F61: =IF(Reporte1_1!I85="","",Reporte1_1!I85) -> 509 | G61: =IF(Reporte1_1!J85="","",Reporte1_1!J85) -> 400 | H61: =IF(Reporte1_1!K85="","",Reporte1_1!K85) -> 78.9 | I61: =IF(Reporte1_1!L85="","",Reporte1_1!L85) -> 44 | J61: =IF(Reporte1_1!M85="","",Reporte1_1!M85) -> 155 | K61: =IF(Reporte1_1!V85="","",Reporte1_1!V85) -> 0 | L61: =IF(Reporte1_1!Q85="","",Reporte1_1!Q85) -> 20.2 | M61: =IF(Reporte1_1!R85="","",Reporte1_1!R85) -> 65 | N61: =IF(Reporte1_1!S85="","",Reporte1_1!S85) -> 0 | O61: =IF(Reporte1_1!T85="","",Reporte1_1!T85) -> 0 | P61: =IF(Reporte1_1!U85="","",Reporte1_1!U85) -> 60 | Q61: =IF(Reporte1_1!N85="","",Reporte1_1!N85) -> RC 1000|RC 1000|RC 1000|RC 1000 | R61: =IF(Reporte1_1!X85="","",Reporte1_1!X85) -> 435 | S61: =IF(Reporte1_1!AA85="","",Reporte1_1!AA85) -> 515.334
A62: =IF(Reporte1_1!A17="","",Reporte1_1!A17) -> SCH-118UI | B62: =IF(Reporte1_1!C17="","",Reporte1_1!C17) -> 45951 | C62: PEC | D62: =IF(Reporte1_1!G17="","",Reporte1_1!G17) -> 3 | E62: =IF(Reporte1_1!H17="","",Reporte1_1!H17) -> 898 | F62: =IF(Reporte1_1!I17="","",Reporte1_1!I17) -> 736 | G62: =IF(Reporte1_1!J17="","",Reporte1_1!J17) -> 162 | H62: =IF(Reporte1_1!K17="","",Reporte1_1!K17) -> 473.98 | I62: =IF(Reporte1_1!L17="","",Reporte1_1!L17) -> 18.04 | J62: =IF(Reporte1_1!M17="","",Reporte1_1!M17) -> 644 | K62: =IF(Reporte1_1!V17="","",Reporte1_1!V17) -> 302 | L62: =IF(Reporte1_1!Q17="","",Reporte1_1!Q17) -> 25.3 | M62: =IF(Reporte1_1!R17="","",Reporte1_1!R17) -> 63 | N62: =IF(Reporte1_1!S17="","",Reporte1_1!S17) -> 0 | O62: =IF(Reporte1_1!T17="","",Reporte1_1!T17) -> 0 | P62: =IF(Reporte1_1!U17="","",Reporte1_1!U17) -> 70 | Q62: =IF(Reporte1_1!N17="","",Reporte1_1!N17) -> WD-3000|WD-3000|WD-3000|WD-3000 | R62: =IF(Reporte1_1!X17="","",Reporte1_1!X17) -> 440 | S62: =IF(Reporte1_1!AA17="","",Reporte1_1!AA17) -> 745.158
A63: =IF(Reporte1_1!A225="","",Reporte1_1!A225) -> SCHAJ-423TI | B63: =IF(Reporte1_1!C225="","",Reporte1_1!C225) -> 45949 | C63: PEC | D63: =IF(Reporte1_1!G225="","",Reporte1_1!G225) -> 5 | E63: =IF(Reporte1_1!H225="","",Reporte1_1!H225) -> 878 | F63: =IF(Reporte1_1!I225="","",Reporte1_1!I225) -> 826 | G63: =IF(Reporte1_1!J225="","",Reporte1_1!J225) -> 52 | H63: =IF(Reporte1_1!K225="","",Reporte1_1!K225) -> 238.71 | I63: =IF(Reporte1_1!L225="","",Reporte1_1!L225) -> 5.92 | J63: =IF(Reporte1_1!M225="","",Reporte1_1!M225) -> 289 | K63: =IF(Reporte1_1!V225="","",Reporte1_1!V225) -> 0 | L63: =IF(Reporte1_1!Q225="","",Reporte1_1!Q225) -> 27 | M63: =IF(Reporte1_1!R225="","",Reporte1_1!R225) -> 61 | N63: =IF(Reporte1_1!S225="","",Reporte1_1!S225) -> 0 | O63: =IF(Reporte1_1!T225="","",Reporte1_1!T225) -> 0 | P63: =IF(Reporte1_1!U225="","",Reporte1_1!U225) -> 180 | Q63: =IF(Reporte1_1!N225="","",Reporte1_1!N225) -> FLEX 7ER|FLEX 7ER|FLEX 7ER|E1000 | R63: =IF(Reporte1_1!X225="","",Reporte1_1!X225) -> 465 | S63: =IF(Reporte1_1!AA225="","",Reporte1_1!AA225) -> 836.278
A64: =IF(Reporte1_1!A15="","",Reporte1_1!A15) -> SCH-101U | B64: =IF(Reporte1_1!C15="","",Reporte1_1!C15) -> 45952 | C64: PEC | D64: =IF(Reporte1_1!G15="","",Reporte1_1!G15) -> 4 | E64: =IF(Reporte1_1!H15="","",Reporte1_1!H15) -> 864 | F64: =IF(Reporte1_1!I15="","",Reporte1_1!I15) -> 274 | G64: =IF(Reporte1_1!J15="","",Reporte1_1!J15) -> 590 | H64: =IF(Reporte1_1!K15="","",Reporte1_1!K15) -> 55.6 | I64: =IF(Reporte1_1!L15="","",Reporte1_1!L15) -> 68.31 | J64: =IF(Reporte1_1!M15="","",Reporte1_1!M15) -> 203 | K64: =IF(Reporte1_1!V15="","",Reporte1_1!V15) -> 0 | L64: =IF(Reporte1_1!Q15="","",Reporte1_1!Q15) -> 26.5 | M64: =IF(Reporte1_1!R15="","",Reporte1_1!R15) -> 0 | N64: =IF(Reporte1_1!S15="","",Reporte1_1!S15) -> 0 | O64: =IF(Reporte1_1!T15="","",Reporte1_1!T15) -> 2217 | P64: =IF(Reporte1_1!U15="","",Reporte1_1!U15) -> 3750 | Q64: =IF(Reporte1_1!N15="","",Reporte1_1!N15) -> JET 11J | R64: =IF(Reporte1_1!X15="","",Reporte1_1!X15) -> 0 | S64: =IF(Reporte1_1!AA15="","",Reporte1_1!AA15) -> 277.409
A65: =IF(Reporte1_1!A163="","",Reporte1_1!A163) -> SCH-141TI | B65: =IF(Reporte1_1!C163="","",Reporte1_1!C163) -> 45950 | C65: PEC | D65: =IF(Reporte1_1!G163="","",Reporte1_1!G163) -> 5 | E65: =IF(Reporte1_1!H163="","",Reporte1_1!H163) -> 862 | F65: =IF(Reporte1_1!I163="","",Reporte1_1!I163) -> 241 | G65: =IF(Reporte1_1!J163="","",Reporte1_1!J163) -> 621 | H65: =IF(Reporte1_1!K163="","",Reporte1_1!K163) -> 120.5 | I65: =IF(Reporte1_1!L163="","",Reporte1_1!L163) -> 72.04 | J65: =IF(Reporte1_1!M163="","",Reporte1_1!M163) -> 500 | K65: =IF(Reporte1_1!V163="","",Reporte1_1!V163) -> 562 | L65: =IF(Reporte1_1!Q163="","",Reporte1_1!Q163) -> 25 | M65: =IF(Reporte1_1!R163="","",Reporte1_1!R163) -> 52 | N65: =IF(Reporte1_1!S163="","",Reporte1_1!S163) -> 0 | O65: =IF(Reporte1_1!T163="","",Reporte1_1!T163) -> 0 | P65: =IF(Reporte1_1!U163="","",Reporte1_1!U163) -> 520 | Q65: =IF(Reporte1_1!N163="","",Reporte1_1!N163) -> E1000|E1000|E1000|FLEX7ER SSD | R65: =IF(Reporte1_1!X163="","",Reporte1_1!X163) -> 391 | S65: =IF(Reporte1_1!AA163="","",Reporte1_1!AA163) -> 243.999
A66: =IF(Reporte1_1!A205="","",Reporte1_1!A205) -> SCHAF-386UI | B66: =IF(Reporte1_1!C205="","",Reporte1_1!C205) -> 45952 | C66: PEC | D66: =IF(Reporte1_1!G205="","",Reporte1_1!G205) -> 5 | E66: =IF(Reporte1_1!H205="","",Reporte1_1!H205) -> 847 | F66: =IF(Reporte1_1!I205="","",Reporte1_1!I205) -> 178 | G66: =IF(Reporte1_1!J205="","",Reporte1_1!J205) -> 669 | H66: =IF(Reporte1_1!K205="","",Reporte1_1!K205) -> 106.8 | I66: =IF(Reporte1_1!L205="","",Reporte1_1!L205) -> 78.99 | J66: =IF(Reporte1_1!M205="","",Reporte1_1!M205) -> 600 | K66: =IF(Reporte1_1!V205="","",Reporte1_1!V205) -> 377 | L66: =IF(Reporte1_1!Q205="","",Reporte1_1!Q205) -> 19.6 | M66: =IF(Reporte1_1!R205="","",Reporte1_1!R205) -> 56 | N66: =IF(Reporte1_1!S205="","",Reporte1_1!S205) -> 0 | O66: =IF(Reporte1_1!T205="","",Reporte1_1!T205) -> 0 | P66: =IF(Reporte1_1!U205="","",Reporte1_1!U205) -> 120 | Q66: =IF(Reporte1_1!N205="","",Reporte1_1!N205) -> DN1750|DN1750|DN1750|DN1750 | R66: =IF(Reporte1_1!X205="","",Reporte1_1!X205) -> 420 | S66: =IF(Reporte1_1!AA205="","",Reporte1_1!AA205) -> 180.215
A67: =IF(Reporte1_1!A37="","",Reporte1_1!A37) -> SCHAP-279UI | B67: =IF(Reporte1_1!C37="","",Reporte1_1!C37) -> 45951 | C67: PEC | D67: =IF(Reporte1_1!G37="","",Reporte1_1!G37) -> 4 | E67: =IF(Reporte1_1!H37="","",Reporte1_1!H37) -> 838 | F67: =IF(Reporte1_1!I37="","",Reporte1_1!I37) -> 670 | G67: =IF(Reporte1_1!J37="","",Reporte1_1!J37) -> 168 | H67: =IF(Reporte1_1!K37="","",Reporte1_1!K37) -> 401.76 | I67: =IF(Reporte1_1!L37="","",Reporte1_1!L37) -> 20.05 | J67: =IF(Reporte1_1!M37="","",Reporte1_1!M37) -> 600 | K67: =IF(Reporte1_1!V37="","",Reporte1_1!V37) -> 506 | L67: =IF(Reporte1_1!Q37="","",Reporte1_1!Q37) -> 19.1 | M67: =IF(Reporte1_1!R37="","",Reporte1_1!R37) -> 60 | N67: =IF(Reporte1_1!S37="","",Reporte1_1!S37) -> 0 | O67: =IF(Reporte1_1!T37="","",Reporte1_1!T37) -> 0 | P67: =IF(Reporte1_1!U37="","",Reporte1_1!U37) -> 190 | Q67: =IF(Reporte1_1!N37="","",Reporte1_1!N37) -> DN1750|DN1750|DN1750 | R67: =IF(Reporte1_1!X37="","",Reporte1_1!X37) -> 441 | S67: =IF(Reporte1_1!AA37="","",Reporte1_1!AA37) -> 678.337
A68: =IF(Reporte1_1!A192="","",Reporte1_1!A192) -> SCHAD-364UI | B68: =IF(Reporte1_1!C192="","",Reporte1_1!C192) -> 45944 | C68: PEC | D68: =IF(Reporte1_1!G192="","",Reporte1_1!G192) -> 4 | E68: =IF(Reporte1_1!H192="","",Reporte1_1!H192) -> 820 | F68: =IF(Reporte1_1!I192="","",Reporte1_1!I192) -> 426 | G68: =IF(Reporte1_1!J192="","",Reporte1_1!J192) -> 394 | H68: =IF(Reporte1_1!K192="","",Reporte1_1!K192) -> 255.6 | I68: =IF(Reporte1_1!L192="","",Reporte1_1!L192) -> 48.05 | J68: =IF(Reporte1_1!M192="","",Reporte1_1!M192) -> 600 | K68: =IF(Reporte1_1!V192="","",Reporte1_1!V192) -> 0 | L68: =IF(Reporte1_1!Q192="","",Reporte1_1!Q192) -> 23.2 | M68: =IF(Reporte1_1!R192="","",Reporte1_1!R192) -> 60 | N68: =IF(Reporte1_1!S192="","",Reporte1_1!S192) -> 0 | O68: =IF(Reporte1_1!T192="","",Reporte1_1!T192) -> 0 | P68: =IF(Reporte1_1!U192="","",Reporte1_1!U192) -> 200 | Q68: =IF(Reporte1_1!N192="","",Reporte1_1!N192) -> SF-900|SF-900|SF-900|SFGH2500 | R68: =IF(Reporte1_1!X192="","",Reporte1_1!X192) -> 492 | S68: =IF(Reporte1_1!AA192="","",Reporte1_1!AA192) -> 431.301
A69: =IF(Reporte1_1!A194="","",Reporte1_1!A194) -> SCHAD-606UI | B69: =IF(Reporte1_1!C194="","",Reporte1_1!C194) -> 45944 | C69: PEC | D69: =IF(Reporte1_1!G194="","",Reporte1_1!G194) -> 5 | E69: =IF(Reporte1_1!H194="","",Reporte1_1!H194) -> 818 | F69: =IF(Reporte1_1!I194="","",Reporte1_1!I194) -> 785 | G69: =IF(Reporte1_1!J194="","",Reporte1_1!J194) -> 33 | H69: =IF(Reporte1_1!K194="","",Reporte1_1!K194) -> 471 | I69: =IF(Reporte1_1!L194="","",Reporte1_1!L194) -> 4.03 | J69: =IF(Reporte1_1!M194="","",Reporte1_1!M194) -> 600 | K69: =IF(Reporte1_1!V194="","",Reporte1_1!V194) -> 441 | L69: =IF(Reporte1_1!Q194="","",Reporte1_1!Q194) -> 21.8 | M69: =IF(Reporte1_1!R194="","",Reporte1_1!R194) -> 60 | N69: =IF(Reporte1_1!S194="","",Reporte1_1!S194) -> 0 | O69: =IF(Reporte1_1!T194="","",Reporte1_1!T194) -> 0 | P69: =IF(Reporte1_1!U194="","",Reporte1_1!U194) -> 280 | Q69: =IF(Reporte1_1!N194="","",Reporte1_1!N194) -> WD-1750|WD-1750|WD-1750|WD-3000 | R69: =IF(Reporte1_1!X194="","",Reporte1_1!X194) -> 451 | S69: =IF(Reporte1_1!AA194="","",Reporte1_1!AA194) -> 794.768
A70: =IF(Reporte1_1!A172="","",Reporte1_1!A172) -> SCHAA-302TI | B70: =IF(Reporte1_1!C172="","",Reporte1_1!C172) -> 45941 | C70: PEC | D70: =IF(Reporte1_1!G172="","",Reporte1_1!G172) -> 5 | E70: =IF(Reporte1_1!H172="","",Reporte1_1!H172) -> 801 | F70: =IF(Reporte1_1!I172="","",Reporte1_1!I172) -> 689 | G70: =IF(Reporte1_1!J172="","",Reporte1_1!J172) -> 112 | H70: =IF(Reporte1_1!K172="","",Reporte1_1!K172) -> 336.24 | I70: =IF(Reporte1_1!L172="","",Reporte1_1!L172) -> 13.98 | J70: =IF(Reporte1_1!M172="","",Reporte1_1!M172) -> 488 | K70: =IF(Reporte1_1!V172="","",Reporte1_1!V172) -> 275 | L70: =IF(Reporte1_1!Q172="","",Reporte1_1!Q172) -> 30.2 | M70: =IF(Reporte1_1!R172="","",Reporte1_1!R172) -> 60 | N70: =IF(Reporte1_1!S172="","",Reporte1_1!S172) -> 0 | O70: =IF(Reporte1_1!T172="","",Reporte1_1!T172) -> 0 | P70: =IF(Reporte1_1!U172="","",Reporte1_1!U172) -> 140 | Q70: =IF(Reporte1_1!N172="","",Reporte1_1!N172) -> E1000|E1000|E1000|FLEX 17.5 | R70: =IF(Reporte1_1!X172="","",Reporte1_1!X172) -> 458 | S70: =IF(Reporte1_1!AA172="","",Reporte1_1!AA172) -> 697.573
A71: =IF(Reporte1_1!A254="","",Reporte1_1!A254) -> SCHI-179HUI | B71: =IF(Reporte1_1!C254="","",Reporte1_1!C254) -> 45938 | C71: PEC | D71: =IF(Reporte1_1!G254="","",Reporte1_1!G254) -> 5 | E71: =IF(Reporte1_1!H254="","",Reporte1_1!H254) -> 797 | F71: =IF(Reporte1_1!I254="","",Reporte1_1!I254) -> 53 | G71: =IF(Reporte1_1!J254="","",Reporte1_1!J254) -> 744 | H71: =IF(Reporte1_1!K254="","",Reporte1_1!K254) -> 8.22 | I71: =IF(Reporte1_1!L254="","",Reporte1_1!L254) -> 93.35 | J71: =IF(Reporte1_1!M254="","",Reporte1_1!M254) -> 155 | K71: =IF(Reporte1_1!V254="","",Reporte1_1!V254) -> 1076 | L71: =IF(Reporte1_1!Q254="","",Reporte1_1!Q254) -> 21.9 | M71: =IF(Reporte1_1!R254="","",Reporte1_1!R254) -> 56 | N71: =IF(Reporte1_1!S254="","",Reporte1_1!S254) -> 0 | O71: =IF(Reporte1_1!T254="","",Reporte1_1!T254) -> 0 | P71: =IF(Reporte1_1!U254="","",Reporte1_1!U254) -> 580 | Q71: =IF(Reporte1_1!N254="","",Reporte1_1!N254) -> DN1750|DN1750|DN1750|DN1750|D5-21 | R71: =IF(Reporte1_1!X254="","",Reporte1_1!X254) -> 420 | S71: =IF(Reporte1_1!AA254="","",Reporte1_1!AA254) -> 53.659
A72: =IF(Reporte1_1!A98="","",Reporte1_1!A98) -> SCHAL-440UI | B72: =IF(Reporte1_1!C98="","",Reporte1_1!C98) -> 45939 | C72: PEC | D72: =IF(Reporte1_1!G98="","",Reporte1_1!G98) -> 6 | E72: =IF(Reporte1_1!H98="","",Reporte1_1!H98) -> 792 | F72: =IF(Reporte1_1!I98="","",Reporte1_1!I98) -> 649 | G72: =IF(Reporte1_1!J98="","",Reporte1_1!J98) -> 143 | H72: =IF(Reporte1_1!K98="","",Reporte1_1!K98) -> 131.75 | I72: =IF(Reporte1_1!L98="","",Reporte1_1!L98) -> 18.06 | J72: =IF(Reporte1_1!M98="","",Reporte1_1!M98) -> 203 | K72: =IF(Reporte1_1!V98="","",Reporte1_1!V98) -> 259 | L72: =IF(Reporte1_1!Q98="","",Reporte1_1!Q98) -> 25.9 | M72: =IF(Reporte1_1!R98="","",Reporte1_1!R98) -> 58 | N72: =IF(Reporte1_1!S98="","",Reporte1_1!S98) -> 0 | O72: =IF(Reporte1_1!T98="","",Reporte1_1!T98) -> 0 | P72: =IF(Reporte1_1!U98="","",Reporte1_1!U98) -> 370 | Q72: =IF(Reporte1_1!N98="","",Reporte1_1!N98) -> DN1750|DN1750|DN1750|DN1750|D5-21 | R72: =IF(Reporte1_1!X98="","",Reporte1_1!X98) -> 424 | S72: =IF(Reporte1_1!AA98="","",Reporte1_1!AA98) -> 615.986
A73: =IF(Reporte1_1!A187="","",Reporte1_1!A187) -> SCHAC-356UI | B73: =IF(Reporte1_1!C187="","",Reporte1_1!C187) -> 45951 | C73: PEC | D73: =IF(Reporte1_1!G187="","",Reporte1_1!G187) -> 5 | E73: =IF(Reporte1_1!H187="","",Reporte1_1!H187) -> 782 | F73: =IF(Reporte1_1!I187="","",Reporte1_1!I187) -> 250 | G73: =IF(Reporte1_1!J187="","",Reporte1_1!J187) -> 532 | H73: =IF(Reporte1_1!K187="","",Reporte1_1!K187) -> 72.13 | I73: =IF(Reporte1_1!L187="","",Reporte1_1!L187) -> 68.03 | J73: =IF(Reporte1_1!M187="","",Reporte1_1!M187) -> 289 | K73: =IF(Reporte1_1!V187="","",Reporte1_1!V187) -> 410 | L73: =IF(Reporte1_1!Q187="","",Reporte1_1!Q187) -> 20.3 | M73: =IF(Reporte1_1!R187="","",Reporte1_1!R187) -> 66 | N73: =IF(Reporte1_1!S187="","",Reporte1_1!S187) -> 0 | O73: =IF(Reporte1_1!T187="","",Reporte1_1!T187) -> 0 | P73: =IF(Reporte1_1!U187="","",Reporte1_1!U187) -> 230 | Q73: =IF(Reporte1_1!N187="","",Reporte1_1!N187) -> E1000|E1000|E1000|FLEX 17.5 | R73: =IF(Reporte1_1!X187="","",Reporte1_1!X187) -> 477 | S73: =IF(Reporte1_1!AA187="","",Reporte1_1!AA187) -> 253.111
A74: =IF(Reporte1_1!A203="","",Reporte1_1!A203) -> SCHAF-381UI | B74: =IF(Reporte1_1!C203="","",Reporte1_1!C203) -> 45951 | C74: PEC | D74: =IF(Reporte1_1!G203="","",Reporte1_1!G203) -> 6 | E74: =IF(Reporte1_1!H203="","",Reporte1_1!H203) -> 759 | F74: =IF(Reporte1_1!I203="","",Reporte1_1!I203) -> 691 | G74: =IF(Reporte1_1!J203="","",Reporte1_1!J203) -> 68 | H74: =IF(Reporte1_1!K203="","",Reporte1_1!K203) -> 414.6 | I74: =IF(Reporte1_1!L203="","",Reporte1_1!L203) -> 8.96 | J74: =IF(Reporte1_1!M203="","",Reporte1_1!M203) -> 600 | K74: =IF(Reporte1_1!V203="","",Reporte1_1!V203) -> 340 | L74: =IF(Reporte1_1!Q203="","",Reporte1_1!Q203) -> 20.4 | M74: =IF(Reporte1_1!R203="","",Reporte1_1!R203) -> 57 | N74: =IF(Reporte1_1!S203="","",Reporte1_1!S203) -> 0 | O74: =IF(Reporte1_1!T203="","",Reporte1_1!T203) -> 0 | P74: =IF(Reporte1_1!U203="","",Reporte1_1!U203) -> 220 | Q74: =IF(Reporte1_1!N203="","",Reporte1_1!N203) -> WD-1750|WD-1750|WD-1750|WD-1750 | R74: =IF(Reporte1_1!X203="","",Reporte1_1!X203) -> 470 | S74: =IF(Reporte1_1!AA203="","",Reporte1_1!AA203) -> 699.598
A75: =IF(Reporte1_1!A76="","",Reporte1_1!A76) -> SCHC-164TI | B75: =IF(Reporte1_1!C76="","",Reporte1_1!C76) -> 45950 | C75: PEC | D75: =IF(Reporte1_1!G76="","",Reporte1_1!G76) -> 4 | E75: =IF(Reporte1_1!H76="","",Reporte1_1!H76) -> 752 | F75: =IF(Reporte1_1!I76="","",Reporte1_1!I76) -> 120 | G75: =IF(Reporte1_1!J76="","",Reporte1_1!J76) -> 632 | H75: =IF(Reporte1_1!K76="","",Reporte1_1!K76) -> 0.96 | I75: =IF(Reporte1_1!L76="","",Reporte1_1!L76) -> 84.04 | J75: =IF(Reporte1_1!M76="","",Reporte1_1!M76) -> 8 | K75: =IF(Reporte1_1!V76="","",Reporte1_1!V76) -> 772 | L75: =IF(Reporte1_1!Q76="","",Reporte1_1!Q76) -> 34.2 | M75: =IF(Reporte1_1!R76="","",Reporte1_1!R76) -> 56 | N75: =IF(Reporte1_1!S76="","",Reporte1_1!S76) -> 0 | O75: =IF(Reporte1_1!T76="","",Reporte1_1!T76) -> 0 | P75: =IF(Reporte1_1!U76="","",Reporte1_1!U76) -> 145 | Q75: =IF(Reporte1_1!N76="","",Reporte1_1!N76) -> DN1750|DN1750|DN1750|DN1750|D5-21 | R75: =IF(Reporte1_1!X76="","",Reporte1_1!X76) -> 446 | S75: =IF(Reporte1_1!AA76="","",Reporte1_1!AA76) -> 121.493
A76: =IF(Reporte1_1!A251="","",Reporte1_1!A251) -> SCHAR-505UI | B76: =IF(Reporte1_1!C251="","",Reporte1_1!C251) -> 45942 | C76: PEC | D76: =IF(Reporte1_1!G251="","",Reporte1_1!G251) -> 4 | E76: =IF(Reporte1_1!H251="","",Reporte1_1!H251) -> 752 | F76: =IF(Reporte1_1!I251="","",Reporte1_1!I251) -> 421 | G76: =IF(Reporte1_1!J251="","",Reporte1_1!J251) -> 331 | H76: =IF(Reporte1_1!K251="","",Reporte1_1!K251) -> 85.46 | I76: =IF(Reporte1_1!L251="","",Reporte1_1!L251) -> 44.02 | J76: =IF(Reporte1_1!M251="","",Reporte1_1!M251) -> 203 | K76: =IF(Reporte1_1!V251="","",Reporte1_1!V251) -> 444 | L76: =IF(Reporte1_1!Q251="","",Reporte1_1!Q251) -> 17.7 | M76: =IF(Reporte1_1!R251="","",Reporte1_1!R251) -> 60 | N76: =IF(Reporte1_1!S251="","",Reporte1_1!S251) -> 0 | O76: =IF(Reporte1_1!T251="","",Reporte1_1!T251) -> 0 | P76: =IF(Reporte1_1!U251="","",Reporte1_1!U251) -> 150 | Q76: =IF(Reporte1_1!N251="","",Reporte1_1!N251) -> E3000 SSD|E3000 SSD|E3000 SSD | R76: =IF(Reporte1_1!X251="","",Reporte1_1!X251) -> 480 | S76: =IF(Reporte1_1!AA251="","",Reporte1_1!AA251) -> 426.239
A77: =IF(Reporte1_1!A208="","",Reporte1_1!A208) -> SCHAF-499UI | B77: =IF(Reporte1_1!C208="","",Reporte1_1!C208) -> 45945 | C77: PEC | D77: =IF(Reporte1_1!G208="","",Reporte1_1!G208) -> 6 | E77: =IF(Reporte1_1!H208="","",Reporte1_1!H208) -> 749 | F77: =IF(Reporte1_1!I208="","",Reporte1_1!I208) -> 240 | G77: =IF(Reporte1_1!J208="","",Reporte1_1!J208) -> 509 | H77: =IF(Reporte1_1!K208="","",Reporte1_1!K208) -> 144 | I77: =IF(Reporte1_1!L208="","",Reporte1_1!L208) -> 67.96 | J77: =IF(Reporte1_1!M208="","",Reporte1_1!M208) -> 600 | K77: =IF(Reporte1_1!V208="","",Reporte1_1!V208) -> 313 | L77: =IF(Reporte1_1!Q208="","",Reporte1_1!Q208) -> 19.5 | M77: =IF(Reporte1_1!R208="","",Reporte1_1!R208) -> 130 | N77: =IF(Reporte1_1!S208="","",Reporte1_1!S208) -> 0 | O77: =IF(Reporte1_1!T208="","",Reporte1_1!T208) -> 0 | P77: =IF(Reporte1_1!U208="","",Reporte1_1!U208) -> 420 | Q77: =IF(Reporte1_1!N208="","",Reporte1_1!N208) -> NHV 760|NHV 760|N406MPP940 | R77: =IF(Reporte1_1!X208="","",Reporte1_1!X208) -> 442 | S77: =IF(Reporte1_1!AA208="","",Reporte1_1!AA208) -> 242.986
A78: =IF(Reporte1_1!A162="","",Reporte1_1!A162) -> SCH-137TI | B78: =IF(Reporte1_1!C162="","",Reporte1_1!C162) -> 45951 | C78: PEC | D78: =IF(Reporte1_1!G162="","",Reporte1_1!G162) -> 4 | E78: =IF(Reporte1_1!H162="","",Reporte1_1!H162) -> 748 | F78: =IF(Reporte1_1!I162="","",Reporte1_1!I162) -> 180 | G78: =IF(Reporte1_1!J162="","",Reporte1_1!J162) -> 568 | H78: =IF(Reporte1_1!K162="","",Reporte1_1!K162) -> 36.44 | I78: =IF(Reporte1_1!L162="","",Reporte1_1!L162) -> 75.94 | J78: =IF(Reporte1_1!M162="","",Reporte1_1!M162) -> 202 | K78: =IF(Reporte1_1!V162="","",Reporte1_1!V162) -> 322 | L78: =IF(Reporte1_1!Q162="","",Reporte1_1!Q162) -> 22.8 | M78: =IF(Reporte1_1!R162="","",Reporte1_1!R162) -> 57 | N78: =IF(Reporte1_1!S162="","",Reporte1_1!S162) -> 0 | O78: =IF(Reporte1_1!T162="","",Reporte1_1!T162) -> 0 | P78: =IF(Reporte1_1!U162="","",Reporte1_1!U162) -> 270 | Q78: =IF(Reporte1_1!N162="","",Reporte1_1!N162) -> WD-3000|WD-3000|WD-3000|WD-3000 | R78: =IF(Reporte1_1!X162="","",Reporte1_1!X162) -> 434 | S78: =IF(Reporte1_1!AA162="","",Reporte1_1!AA162) -> 182.24
A79: =IF(Reporte1_1!A103="","",Reporte1_1!A103) -> SCHAL-444TI | B79: =IF(Reporte1_1!C103="","",Reporte1_1!C103) -> 45938 | C79: PEC | D79: =IF(Reporte1_1!G103="","",Reporte1_1!G103) -> 6 | E79: =IF(Reporte1_1!H103="","",Reporte1_1!H103) -> 745 | F79: =IF(Reporte1_1!I103="","",Reporte1_1!I103) -> 609 | G79: =IF(Reporte1_1!J103="","",Reporte1_1!J103) -> 136 | H79: =IF(Reporte1_1!K103="","",Reporte1_1!K103) -> 548.1 | I79: =IF(Reporte1_1!L103="","",Reporte1_1!L103) -> 18.26 | J79: =IF(Reporte1_1!M103="","",Reporte1_1!M103) -> 900 | K79: =IF(Reporte1_1!V103="","",Reporte1_1!V103) -> 398 | L79: =IF(Reporte1_1!Q103="","",Reporte1_1!Q103) -> 24.5 | M79: =IF(Reporte1_1!R103="","",Reporte1_1!R103) -> 60 | N79: =IF(Reporte1_1!S103="","",Reporte1_1!S103) -> 0 | O79: =IF(Reporte1_1!T103="","",Reporte1_1!T103) -> 0 | P79: =IF(Reporte1_1!U103="","",Reporte1_1!U103) -> 130 | Q79: =IF(Reporte1_1!N103="","",Reporte1_1!N103) -> D1050N|DN1750|DN1750|D5-21 | R79: =IF(Reporte1_1!X103="","",Reporte1_1!X103) -> 515 | S79: =IF(Reporte1_1!AA103="","",Reporte1_1!AA103) -> 578.02
A80: =IF(Reporte1_1!A100="","",Reporte1_1!A100) -> SCHAL-442UI | B80: =IF(Reporte1_1!C100="","",Reporte1_1!C100) -> 45940 | C80: PEC | D80: =IF(Reporte1_1!G100="","",Reporte1_1!G100) -> 6 | E80: =IF(Reporte1_1!H100="","",Reporte1_1!H100) -> 722 | F80: =IF(Reporte1_1!I100="","",Reporte1_1!I100) -> 318 | G80: =IF(Reporte1_1!J100="","",Reporte1_1!J100) -> 404 | H80: =IF(Reporte1_1!K100="","",Reporte1_1!K100) -> 49.29 | I80: =IF(Reporte1_1!L100="","",Reporte1_1!L100) -> 55.96 | J80: =IF(Reporte1_1!M100="","",Reporte1_1!M100) -> 155 | K80: =IF(Reporte1_1!V100="","",Reporte1_1!V100) -> 0 | L80: =IF(Reporte1_1!Q100="","",Reporte1_1!Q100) -> 24.4 | M80: =IF(Reporte1_1!R100="","",Reporte1_1!R100) -> 116 | N80: =IF(Reporte1_1!S100="","",Reporte1_1!S100) -> 0 | O80: =IF(Reporte1_1!T100="","",Reporte1_1!T100) -> 0 | P80: =IF(Reporte1_1!U100="","",Reporte1_1!U100) -> 215 | Q80: =IF(Reporte1_1!N100="","",Reporte1_1!N100) -> NHV940|NHV940|NHV940|NHV940|N406MPP940 | R80: =IF(Reporte1_1!X100="","",Reporte1_1!X100) -> 434 | S80: =IF(Reporte1_1!AA100="","",Reporte1_1!AA100) -> 301.823
A81: =IF(Reporte1_1!A141="","",Reporte1_1!A141) -> SCHS-287TS | B81: =IF(Reporte1_1!C141="","",Reporte1_1!C141) -> 45941 | C81: PEC | D81: =IF(Reporte1_1!G141="","",Reporte1_1!G141) -> 6 | E81: =IF(Reporte1_1!H141="","",Reporte1_1!H141) -> 718 | F81: =IF(Reporte1_1!I141="","",Reporte1_1!I141) -> 675 | G81: =IF(Reporte1_1!J141="","",Reporte1_1!J141) -> 43 | H81: =IF(Reporte1_1!K141="","",Reporte1_1!K141) -> 137.03 | I81: =IF(Reporte1_1!L141="","",Reporte1_1!L141) -> 5.99 | J81: =IF(Reporte1_1!M141="","",Reporte1_1!M141) -> 203 | K81: =IF(Reporte1_1!V141="","",Reporte1_1!V141) -> 389 | L81: =IF(Reporte1_1!Q141="","",Reporte1_1!Q141) -> 24.5 | M81: =IF(Reporte1_1!R141="","",Reporte1_1!R141) -> 117 | N81: =IF(Reporte1_1!S141="","",Reporte1_1!S141) -> 0 | O81: =IF(Reporte1_1!T141="","",Reporte1_1!T141) -> 0 | P81: =IF(Reporte1_1!U141="","",Reporte1_1!U141) -> 250 | Q81: =IF(Reporte1_1!N141="","",Reporte1_1!N141) -> E3000 SSD|E3000 SSD|E3000 SSD | R81: =IF(Reporte1_1!X141="","",Reporte1_1!X141) -> 440 | S81: =IF(Reporte1_1!AA141="","",Reporte1_1!AA141) -> 640.663
A82: =IF(Reporte1_1!A191="","",Reporte1_1!A191) -> SCHAD-362UI | B82: =IF(Reporte1_1!C191="","",Reporte1_1!C191) -> 45944 | C82: PEC | D82: =IF(Reporte1_1!G191="","",Reporte1_1!G191) -> 5 | E82: =IF(Reporte1_1!H191="","",Reporte1_1!H191) -> 714 | F82: =IF(Reporte1_1!I191="","",Reporte1_1!I191) -> 707 | G82: =IF(Reporte1_1!J191="","",Reporte1_1!J191) -> 7 | H82: =IF(Reporte1_1!K191="","",Reporte1_1!K191) -> 424.2 | I82: =IF(Reporte1_1!L191="","",Reporte1_1!L191) -> 0.98 | J82: =IF(Reporte1_1!M191="","",Reporte1_1!M191) -> 600 | K82: =IF(Reporte1_1!V191="","",Reporte1_1!V191) -> 253 | L82: =IF(Reporte1_1!Q191="","",Reporte1_1!Q191) -> 24.3 | M82: =IF(Reporte1_1!R191="","",Reporte1_1!R191) -> 59 | N82: =IF(Reporte1_1!S191="","",Reporte1_1!S191) -> 0 | O82: =IF(Reporte1_1!T191="","",Reporte1_1!T191) -> 0 | P82: =IF(Reporte1_1!U191="","",Reporte1_1!U191) -> 210 | Q82: =IF(Reporte1_1!N191="","",Reporte1_1!N191) -> SF-900|SF-900|SF-900|SFGH2500 | R82: =IF(Reporte1_1!X191="","",Reporte1_1!X191) -> 472 | S82: =IF(Reporte1_1!AA191="","",Reporte1_1!AA191) -> 715.797
A83: =IF(Reporte1_1!A167="","",Reporte1_1!A167) -> SCH-184UI | B83: =IF(Reporte1_1!C167="","",Reporte1_1!C167) -> 45952 | C83: PEC | D83: =IF(Reporte1_1!G167="","",Reporte1_1!G167) -> 5 | E83: =IF(Reporte1_1!H167="","",Reporte1_1!H167) -> 696 | F83: =IF(Reporte1_1!I167="","",Reporte1_1!I167) -> 223 | G83: =IF(Reporte1_1!J167="","",Reporte1_1!J167) -> 473 | H83: =IF(Reporte1_1!K167="","",Reporte1_1!K167) -> 45.27 | I83: =IF(Reporte1_1!L167="","",Reporte1_1!L167) -> 67.96 | J83: =IF(Reporte1_1!M167="","",Reporte1_1!M167) -> 203 | K83: =IF(Reporte1_1!V167="","",Reporte1_1!V167) -> 0 | L83: =IF(Reporte1_1!Q167="","",Reporte1_1!Q167) -> 26 | M83: =IF(Reporte1_1!R167="","",Reporte1_1!R167) -> 58 | N83: =IF(Reporte1_1!S167="","",Reporte1_1!S167) -> 0 | O83: =IF(Reporte1_1!T167="","",Reporte1_1!T167) -> 0 | P83: =IF(Reporte1_1!U167="","",Reporte1_1!U167) -> 190 | Q83: =IF(Reporte1_1!N167="","",Reporte1_1!N167) -> D1050N|DN1750|DN1750 | R83: =IF(Reporte1_1!X167="","",Reporte1_1!X167) -> 450 | S83: =IF(Reporte1_1!AA167="","",Reporte1_1!AA167) -> 225.775
A84: =IF(Reporte1_1!A212="","",Reporte1_1!A212) -> SCHAG-392UI | B84: =IF(Reporte1_1!C212="","",Reporte1_1!C212) -> 45948 | C84: PEC | D84: =IF(Reporte1_1!G212="","",Reporte1_1!G212) -> 5 | E84: =IF(Reporte1_1!H212="","",Reporte1_1!H212) -> 679 | F84: =IF(Reporte1_1!I212="","",Reporte1_1!I212) -> 136 | G84: =IF(Reporte1_1!J212="","",Reporte1_1!J212) -> 543 | H84: =IF(Reporte1_1!K212="","",Reporte1_1!K212) -> 21.08 | I84: =IF(Reporte1_1!L212="","",Reporte1_1!L212) -> 79.97 | J84: =IF(Reporte1_1!M212="","",Reporte1_1!M212) -> 155 | K84: =IF(Reporte1_1!V212="","",Reporte1_1!V212) -> 232 | L84: =IF(Reporte1_1!Q212="","",Reporte1_1!Q212) -> 19.3 | M84: =IF(Reporte1_1!R212="","",Reporte1_1!R212) -> 56.5 | N84: =IF(Reporte1_1!S212="","",Reporte1_1!S212) -> 0 | O84: =IF(Reporte1_1!T212="","",Reporte1_1!T212) -> 0 | P84: =IF(Reporte1_1!U212="","",Reporte1_1!U212) -> 80 | Q84: =IF(Reporte1_1!N212="","",Reporte1_1!N212) -> WD-1000MF|WD-1000MF|WD-1000MF|WD-1750 | R84: =IF(Reporte1_1!X212="","",Reporte1_1!X212) -> 452 | S84: =IF(Reporte1_1!AA212="","",Reporte1_1!AA212) -> 137.692
A85: =IF(Reporte1_1!A155="","",Reporte1_1!A155) -> SCH-056U | B85: =IF(Reporte1_1!C155="","",Reporte1_1!C155) -> 45951 | C85: PEC | D85: =IF(Reporte1_1!G155="","",Reporte1_1!G155) -> 5 | E85: =IF(Reporte1_1!H155="","",Reporte1_1!H155) -> 677 | F85: =IF(Reporte1_1!I155="","",Reporte1_1!I155) -> 108 | G85: =IF(Reporte1_1!J155="","",Reporte1_1!J155) -> 569 | H85: =IF(Reporte1_1!K155="","",Reporte1_1!K155) -> 79.7 | I85: =IF(Reporte1_1!L155="","",Reporte1_1!L155) -> 84.05 | J85: =IF(Reporte1_1!M155="","",Reporte1_1!M155) -> 738 | K85: =IF(Reporte1_1!V155="","",Reporte1_1!V155) -> 320 | L85: =IF(Reporte1_1!Q155="","",Reporte1_1!Q155) -> 24.5 | M85: =IF(Reporte1_1!R155="","",Reporte1_1!R155) -> 135 | N85: =IF(Reporte1_1!S155="","",Reporte1_1!S155) -> 0 | O85: =IF(Reporte1_1!T155="","",Reporte1_1!T155) -> 0 | P85: =IF(Reporte1_1!U155="","",Reporte1_1!U155) -> 180 | Q85: =IF(Reporte1_1!N155="","",Reporte1_1!N155) -> NB(630-1000)H|NB(630-1000)H|NB(630-1000)H|NB(630-1000)H|NB(630-1000)H|NB(630-1000)H|NB(630-1000)H | R85: =IF(Reporte1_1!X155="","",Reporte1_1!X155) -> 424 | S85: =IF(Reporte1_1!AA155="","",Reporte1_1!AA155) -> 109.344
A86: =IF(Reporte1_1!A230="","",Reporte1_1!A230) -> SCHAJ-589UI | B86: =IF(Reporte1_1!C230="","",Reporte1_1!C230) -> 45946 | C86: PEC | D86: =IF(Reporte1_1!G230="","",Reporte1_1!G230) -> 4 | E86: =IF(Reporte1_1!H230="","",Reporte1_1!H230) -> 668 | F86: =IF(Reporte1_1!I230="","",Reporte1_1!I230) -> 240 | G86: =IF(Reporte1_1!J230="","",Reporte1_1!J230) -> 428 | H86: =IF(Reporte1_1!K230="","",Reporte1_1!K230) -> 192 | I86: =IF(Reporte1_1!L230="","",Reporte1_1!L230) -> 64.07 | J86: =IF(Reporte1_1!M230="","",Reporte1_1!M230) -> 800 | K86: =IF(Reporte1_1!V230="","",Reporte1_1!V230) -> 312 | L86: =IF(Reporte1_1!Q230="","",Reporte1_1!Q230) -> 19.6 | M86: =IF(Reporte1_1!R230="","",Reporte1_1!R230) -> 58 | N86: =IF(Reporte1_1!S230="","",Reporte1_1!S230) -> 0 | O86: =IF(Reporte1_1!T230="","",Reporte1_1!T230) -> 0 | P86: =IF(Reporte1_1!U230="","",Reporte1_1!U230) -> 50 | Q86: =IF(Reporte1_1!N230="","",Reporte1_1!N230) -> WD-600|WD-600|WD-600|WD-1750 | R86: =IF(Reporte1_1!X230="","",Reporte1_1!X230) -> 430 | S86: =IF(Reporte1_1!AA230="","",Reporte1_1!AA230) -> 242.987
A87: =IF(Reporte1_1!A165="","",Reporte1_1!A165) -> SCH-159UI | B87: =IF(Reporte1_1!C165="","",Reporte1_1!C165) -> 45950 | C87: PEC | D87: =IF(Reporte1_1!G165="","",Reporte1_1!G165) -> 5 | E87: =IF(Reporte1_1!H165="","",Reporte1_1!H165) -> 667 | F87: =IF(Reporte1_1!I165="","",Reporte1_1!I165) -> 267 | G87: =IF(Reporte1_1!J165="","",Reporte1_1!J165) -> 400 | H87: =IF(Reporte1_1!K165="","",Reporte1_1!K165) -> 54.2 | I87: =IF(Reporte1_1!L165="","",Reporte1_1!L165) -> 59.97 | J87: =IF(Reporte1_1!M165="","",Reporte1_1!M165) -> 203 | K87: =IF(Reporte1_1!V165="","",Reporte1_1!V165) -> 337 | L87: =IF(Reporte1_1!Q165="","",Reporte1_1!Q165) -> 23.5 | M87: =IF(Reporte1_1!R165="","",Reporte1_1!R165) -> 60 | N87: =IF(Reporte1_1!S165="","",Reporte1_1!S165) -> 0 | O87: =IF(Reporte1_1!T165="","",Reporte1_1!T165) -> 0 | P87: =IF(Reporte1_1!U165="","",Reporte1_1!U165) -> 180 | Q87: =IF(Reporte1_1!N165="","",Reporte1_1!N165) -> D1050N|DN1750|DN1750 | R87: =IF(Reporte1_1!X165="","",Reporte1_1!X165) -> 465 | S87: =IF(Reporte1_1!AA165="","",Reporte1_1!AA165) -> 270.322
A88: =IF(Reporte1_1!A61="","",Reporte1_1!A61) -> SCHAN-460TI | B88: =IF(Reporte1_1!C61="","",Reporte1_1!C61) -> 45943 | C88: PEC | D88: =IF(Reporte1_1!G61="","",Reporte1_1!G61) -> 4 | E88: =IF(Reporte1_1!H61="","",Reporte1_1!H61) -> 660 | F88: =IF(Reporte1_1!I61="","",Reporte1_1!I61) -> 198 | G88: =IF(Reporte1_1!J61="","",Reporte1_1!J61) -> 462 | H88: =IF(Reporte1_1!K61="","",Reporte1_1!K61) -> 57.22 | I88: =IF(Reporte1_1!L61="","",Reporte1_1!L61) -> 70 | J88: =IF(Reporte1_1!M61="","",Reporte1_1!M61) -> 289 | K88: =IF(Reporte1_1!V61="","",Reporte1_1!V61) -> 491 | L88: =IF(Reporte1_1!Q61="","",Reporte1_1!Q61) -> 32.8 | M88: =IF(Reporte1_1!R61="","",Reporte1_1!R61) -> 51 | N88: =IF(Reporte1_1!S61="","",Reporte1_1!S61) -> 0 | O88: =IF(Reporte1_1!T61="","",Reporte1_1!T61) -> 0 | P88: =IF(Reporte1_1!U61="","",Reporte1_1!U61) -> 350 | Q88: =IF(Reporte1_1!N61="","",Reporte1_1!N61) -> E1000|E1000|E1000|FLEX 17.5 | R88: =IF(Reporte1_1!X61="","",Reporte1_1!X61) -> 409 | S88: =IF(Reporte1_1!AA61="","",Reporte1_1!AA61) -> 200.464
A89: =IF(Reporte1_1!A8="","",Reporte1_1!A8) -> SCH-025U | B89: =IF(Reporte1_1!C8="","",Reporte1_1!C8) -> 45950 | C89: PEC | D89: =IF(Reporte1_1!G8="","",Reporte1_1!G8) -> 4 | E89: =IF(Reporte1_1!H8="","",Reporte1_1!H8) -> 654 | F89: =IF(Reporte1_1!I8="","",Reporte1_1!I8) -> 244 | G89: =IF(Reporte1_1!J8="","",Reporte1_1!J8) -> 410 | H89: =IF(Reporte1_1!K8="","",Reporte1_1!K8) -> 62.7 | I89: =IF(Reporte1_1!L8="","",Reporte1_1!L8) -> 62.71 | J89: =IF(Reporte1_1!M8="","",Reporte1_1!M8) -> 257 | K89: =IF(Reporte1_1!V8="","",Reporte1_1!V8) -> 0 | L89: =IF(Reporte1_1!Q8="","",Reporte1_1!Q8) -> 25.6 | M89: =IF(Reporte1_1!R8="","",Reporte1_1!R8) -> 0 | N89: =IF(Reporte1_1!S8="","",Reporte1_1!S8) -> 0 | O89: =IF(Reporte1_1!T8="","",Reporte1_1!T8) -> 2185 | P89: =IF(Reporte1_1!U8="","",Reporte1_1!U8) -> 3850 | Q89: =IF(Reporte1_1!N8="","",Reporte1_1!N8) -> JET 11K | R89: =IF(Reporte1_1!X8="","",Reporte1_1!X8) -> 0 | S89: =IF(Reporte1_1!AA8="","",Reporte1_1!AA8) -> 247.036
A90: =IF(Reporte1_1!A193="","",Reporte1_1!A193) -> SCHAD-365UI | B90: =IF(Reporte1_1!C193="","",Reporte1_1!C193) -> 45944 | C90: PEC | D90: =IF(Reporte1_1!G193="","",Reporte1_1!G193) -> 5 | E90: =IF(Reporte1_1!H193="","",Reporte1_1!H193) -> 649 | F90: =IF(Reporte1_1!I193="","",Reporte1_1!I193) -> 643 | G90: =IF(Reporte1_1!J193="","",Reporte1_1!J193) -> 6 | H90: =IF(Reporte1_1!K193="","",Reporte1_1!K193) -> 130.53 | I90: =IF(Reporte1_1!L193="","",Reporte1_1!L193) -> 0.93 | J90: =IF(Reporte1_1!M193="","",Reporte1_1!M193) -> 203 | K90: =IF(Reporte1_1!V193="","",Reporte1_1!V193) -> 0 | L90: =IF(Reporte1_1!Q193="","",Reporte1_1!Q193) -> 23.9 | M90: =IF(Reporte1_1!R193="","",Reporte1_1!R193) -> 58 | N90: =IF(Reporte1_1!S193="","",Reporte1_1!S193) -> 0 | O90: =IF(Reporte1_1!T193="","",Reporte1_1!T193) -> 0 | P90: =IF(Reporte1_1!U193="","",Reporte1_1!U193) -> 300 | Q90: =IF(Reporte1_1!N193="","",Reporte1_1!N193) -> E1000|E1000|E1000|FLEX 17.5 | R90: =IF(Reporte1_1!X193="","",Reporte1_1!X193) -> 464 | S90: =IF(Reporte1_1!AA193="","",Reporte1_1!AA193) -> 651.001
A91: =IF(Reporte1_1!A35="","",Reporte1_1!A35) -> SCHAH-616TI | B91: =IF(Reporte1_1!C35="","",Reporte1_1!C35) -> 45947 | C91: PEC | D91: =IF(Reporte1_1!G35="","",Reporte1_1!G35) -> 5 | E91: =IF(Reporte1_1!H35="","",Reporte1_1!H35) -> 638 | F91: =IF(Reporte1_1!I35="","",Reporte1_1!I35) -> 510 | G91: =IF(Reporte1_1!J35="","",Reporte1_1!J35) -> 128 | H91: =IF(Reporte1_1!K35="","",Reporte1_1!K35) -> 147.27 | I91: =IF(Reporte1_1!L35="","",Reporte1_1!L35) -> 20.06 | J91: =IF(Reporte1_1!M35="","",Reporte1_1!M35) -> 289 | K91: =IF(Reporte1_1!V35="","",Reporte1_1!V35) -> 489 | L91: =IF(Reporte1_1!Q35="","",Reporte1_1!Q35) -> 22.7 | M91: =IF(Reporte1_1!R35="","",Reporte1_1!R35) -> 60 | N91: =IF(Reporte1_1!S35="","",Reporte1_1!S35) -> 0 | O91: =IF(Reporte1_1!T35="","",Reporte1_1!T35) -> 0 | P91: =IF(Reporte1_1!U35="","",Reporte1_1!U35) -> 300 | Q91: =IF(Reporte1_1!N35="","",Reporte1_1!N35) -> FLEX 7ER|FLEX 7ER|FLEX 7ER|FLEX 17.5 | R91: =IF(Reporte1_1!X35="","",Reporte1_1!X35) -> 440 | S91: =IF(Reporte1_1!AA35="","",Reporte1_1!AA35) -> 516.347
A92: =IF(Reporte1_1!A75="","",Reporte1_1!A75) -> SCHC-147S1HI | B92: =IF(Reporte1_1!C75="","",Reporte1_1!C75) -> 45950 | C92: PEC | D92: =IF(Reporte1_1!G75="","",Reporte1_1!G75) -> 5 | E92: =IF(Reporte1_1!H75="","",Reporte1_1!H75) -> 636 | F92: =IF(Reporte1_1!I75="","",Reporte1_1!I75) -> 178 | G92: =IF(Reporte1_1!J75="","",Reporte1_1!J75) -> 458 | H92: =IF(Reporte1_1!K75="","",Reporte1_1!K75) -> 1.42 | I92: =IF(Reporte1_1!L75="","",Reporte1_1!L75) -> 72.01 | J92: =IF(Reporte1_1!M75="","",Reporte1_1!M75) -> 8 | K92: =IF(Reporte1_1!V75="","",Reporte1_1!V75) -> 538 | L92: =IF(Reporte1_1!Q75="","",Reporte1_1!Q75) -> 26.3 | M92: =IF(Reporte1_1!R75="","",Reporte1_1!R75) -> 54.2 | N92: =IF(Reporte1_1!S75="","",Reporte1_1!S75) -> 0 | O92: =IF(Reporte1_1!T75="","",Reporte1_1!T75) -> 0 | P92: =IF(Reporte1_1!U75="","",Reporte1_1!U75) -> 110 | Q92: =IF(Reporte1_1!N75="","",Reporte1_1!N75) -> S1500N|S1500N|S1500N|S1500N | R92: =IF(Reporte1_1!X75="","",Reporte1_1!X75) -> 375 | S92: =IF(Reporte1_1!AA75="","",Reporte1_1!AA75) -> 180.215
A93: =IF(Reporte1_1!A245="","",Reporte1_1!A245) -> SCHAQ-605UI | B93: =IF(Reporte1_1!C245="","",Reporte1_1!C245) -> 45944 | C93: PEC | D93: =IF(Reporte1_1!G245="","",Reporte1_1!G245) -> 5 | E93: =IF(Reporte1_1!H245="","",Reporte1_1!H245) -> 620 | F93: =IF(Reporte1_1!I245="","",Reporte1_1!I245) -> 434 | G93: =IF(Reporte1_1!J245="","",Reporte1_1!J245) -> 186 | H93: =IF(Reporte1_1!K245="","",Reporte1_1!K245) -> 347.2 | I93: =IF(Reporte1_1!L245="","",Reporte1_1!L245) -> 30 | J93: =IF(Reporte1_1!M245="","",Reporte1_1!M245) -> 800 | K93: =IF(Reporte1_1!V245="","",Reporte1_1!V245) -> 477 | L93: =IF(Reporte1_1!Q245="","",Reporte1_1!Q245) -> 19.3 | M93: =IF(Reporte1_1!R245="","",Reporte1_1!R245) -> 59 | N93: =IF(Reporte1_1!S245="","",Reporte1_1!S245) -> 0 | O93: =IF(Reporte1_1!T245="","",Reporte1_1!T245) -> 0 | P93: =IF(Reporte1_1!U245="","",Reporte1_1!U245) -> 260 | Q93: =IF(Reporte1_1!N245="","",Reporte1_1!N245) -> RC 1000|RC 1000|RC 1000|RC 1000|D5-21 | R93: =IF(Reporte1_1!X245="","",Reporte1_1!X245) -> 432 | S93: =IF(Reporte1_1!AA245="","",Reporte1_1!AA245) -> 439.401
A94: =IF(Reporte1_1!A239="","",Reporte1_1!A239) -> SCHAQ-498TI | B94: =IF(Reporte1_1!C239="","",Reporte1_1!C239) -> 45944 | C94: PEC | D94: =IF(Reporte1_1!G239="","",Reporte1_1!G239) -> 5 | E94: =IF(Reporte1_1!H239="","",Reporte1_1!H239) -> 611 | F94: =IF(Reporte1_1!I239="","",Reporte1_1!I239) -> 501 | G94: =IF(Reporte1_1!J239="","",Reporte1_1!J239) -> 110 | H94: =IF(Reporte1_1!K239="","",Reporte1_1!K239) -> 401 | I94: =IF(Reporte1_1!L239="","",Reporte1_1!L239) -> 18 | J94: =IF(Reporte1_1!M239="","",Reporte1_1!M239) -> 800 | K94: =IF(Reporte1_1!V239="","",Reporte1_1!V239) -> 425 | L94: =IF(Reporte1_1!Q239="","",Reporte1_1!Q239) -> 26.9 | M94: =IF(Reporte1_1!R239="","",Reporte1_1!R239) -> 60 | N94: =IF(Reporte1_1!S239="","",Reporte1_1!S239) -> 0 | O94: =IF(Reporte1_1!T239="","",Reporte1_1!T239) -> 0 | P94: =IF(Reporte1_1!U239="","",Reporte1_1!U239) -> 280 | Q94: =IF(Reporte1_1!N239="","",Reporte1_1!N239) -> FLEX 17.5|FLEX 17.5|FLEX 17.5|FLEXER | R94: =IF(Reporte1_1!X239="","",Reporte1_1!X239) -> 480 | S94: =IF(Reporte1_1!AA239="","",Reporte1_1!AA239) -> 507.234
A95: =IF(Reporte1_1!A197="","",Reporte1_1!A197) -> SCHAE-371UI | B95: =IF(Reporte1_1!C197="","",Reporte1_1!C197) -> 45951 | C95: PEC | D95: =IF(Reporte1_1!G197="","",Reporte1_1!G197) -> 5 | E95: =IF(Reporte1_1!H197="","",Reporte1_1!H197) -> 607 | F95: =IF(Reporte1_1!I197="","",Reporte1_1!I197) -> 194 | G95: =IF(Reporte1_1!J197="","",Reporte1_1!J197) -> 413 | H95: =IF(Reporte1_1!K197="","",Reporte1_1!K197) -> 107.67 | I95: =IF(Reporte1_1!L197="","",Reporte1_1!L197) -> 68.04 | J95: =IF(Reporte1_1!M197="","",Reporte1_1!M197) -> 555 | K95: =IF(Reporte1_1!V197="","",Reporte1_1!V197) -> 256 | L95: =IF(Reporte1_1!Q197="","",Reporte1_1!Q197) -> 17.9 | M95: =IF(Reporte1_1!R197="","",Reporte1_1!R197) -> 114 | N95: =IF(Reporte1_1!S197="","",Reporte1_1!S197) -> 0 | O95: =IF(Reporte1_1!T197="","",Reporte1_1!T197) -> 0 | P95: =IF(Reporte1_1!U197="","",Reporte1_1!U197) -> 50 | Q95: =IF(Reporte1_1!N197="","",Reporte1_1!N197) -> NHV940|NHV940|NHV940 | R95: =IF(Reporte1_1!X197="","",Reporte1_1!X197) -> 427 | S95: =IF(Reporte1_1!AA197="","",Reporte1_1!AA197) -> 196.414
A96: =IF(Reporte1_1!A109="","",Reporte1_1!A109) -> SCHAM-450HS | B96: =IF(Reporte1_1!C109="","",Reporte1_1!C109) -> 45946 | C96: PEC | D96: =IF(Reporte1_1!G109="","",Reporte1_1!G109) -> 3 | E96: =IF(Reporte1_1!H109="","",Reporte1_1!H109) -> 602 | F96: =IF(Reporte1_1!I109="","",Reporte1_1!I109) -> 277 | G96: =IF(Reporte1_1!J109="","",Reporte1_1!J109) -> 325 | H96: =IF(Reporte1_1!K109="","",Reporte1_1!K109) -> 41.83 | I96: =IF(Reporte1_1!L109="","",Reporte1_1!L109) -> 53.99 | J96: =IF(Reporte1_1!M109="","",Reporte1_1!M109) -> 151 | K96: =IF(Reporte1_1!V109="","",Reporte1_1!V109) -> 1211 | L96: =IF(Reporte1_1!Q109="","",Reporte1_1!Q109) -> 25.3 | M96: =IF(Reporte1_1!R109="","",Reporte1_1!R109) -> 51.5 | N96: =IF(Reporte1_1!S109="","",Reporte1_1!S109) -> 0 | O96: =IF(Reporte1_1!T109="","",Reporte1_1!T109) -> 0 | P96: =IF(Reporte1_1!U109="","",Reporte1_1!U109) -> 120 | Q96: =IF(Reporte1_1!N109="","",Reporte1_1!N109) -> D1050N|DN1750|DN1750 | R96: =IF(Reporte1_1!X109="","",Reporte1_1!X109) -> 388 | S96: =IF(Reporte1_1!AA109="","",Reporte1_1!AA109) -> 262.91
A97: =IF(Reporte1_1!A20="","",Reporte1_1!A20) -> SCH-139T | B97: =IF(Reporte1_1!C20="","",Reporte1_1!C20) -> 45951 | C97: PEC | D97: =IF(Reporte1_1!G20="","",Reporte1_1!G20) -> 4 | E97: =IF(Reporte1_1!H20="","",Reporte1_1!H20) -> 599 | F97: =IF(Reporte1_1!I20="","",Reporte1_1!I20) -> 503 | G97: =IF(Reporte1_1!J20="","",Reporte1_1!J20) -> 96 | H97: =IF(Reporte1_1!K20="","",Reporte1_1!K20) -> 352.1 | I97: =IF(Reporte1_1!L20="","",Reporte1_1!L20) -> 16.03 | J97: =IF(Reporte1_1!M20="","",Reporte1_1!M20) -> 700 | K97: =IF(Reporte1_1!V20="","",Reporte1_1!V20) -> 490 | L97: =IF(Reporte1_1!Q20="","",Reporte1_1!Q20) -> 28.5 | M97: =IF(Reporte1_1!R20="","",Reporte1_1!R20) -> 62 | N97: =IF(Reporte1_1!S20="","",Reporte1_1!S20) -> 0 | O97: =IF(Reporte1_1!T20="","",Reporte1_1!T20) -> 0 | P97: =IF(Reporte1_1!U20="","",Reporte1_1!U20) -> 100 | Q97: =IF(Reporte1_1!N20="","",Reporte1_1!N20) -> E1000|E1000|E1000|FLEX 17.5 | R97: =IF(Reporte1_1!X20="","",Reporte1_1!X20) -> 459 | S97: =IF(Reporte1_1!AA20="","",Reporte1_1!AA20) -> 509.259
A98: =IF(Reporte1_1!A93="","",Reporte1_1!A93) -> SCH-093UI | B98: =IF(Reporte1_1!C93="","",Reporte1_1!C93) -> 45951 | C98: PEC | D98: =IF(Reporte1_1!G93="","",Reporte1_1!G93) -> 5 | E98: =IF(Reporte1_1!H93="","",Reporte1_1!H93) -> 597 | F98: =IF(Reporte1_1!I93="","",Reporte1_1!I93) -> 239 | G98: =IF(Reporte1_1!J93="","",Reporte1_1!J93) -> 358 | H98: =IF(Reporte1_1!K93="","",Reporte1_1!K93) -> 144 | I98: =IF(Reporte1_1!L93="","",Reporte1_1!L93) -> 59.97 | J98: =IF(Reporte1_1!M93="","",Reporte1_1!M93) -> 603 | K98: =IF(Reporte1_1!V93="","",Reporte1_1!V93) -> 485 | L98: =IF(Reporte1_1!Q93="","",Reporte1_1!Q93) -> 24.7 | M98: =IF(Reporte1_1!R93="","",Reporte1_1!R93) -> 55.7 | N98: =IF(Reporte1_1!S93="","",Reporte1_1!S93) -> 0 | O98: =IF(Reporte1_1!T93="","",Reporte1_1!T93) -> 0 | P98: =IF(Reporte1_1!U93="","",Reporte1_1!U93) -> 300 | Q98: =IF(Reporte1_1!N93="","",Reporte1_1!N93) -> SF-900|SF-900|SF-1750|SFGH2500 | R98: =IF(Reporte1_1!X93="","",Reporte1_1!X93) -> 446 | S98: =IF(Reporte1_1!AA93="","",Reporte1_1!AA93) -> 226.842
A99: =IF(Reporte1_1!A244="","",Reporte1_1!A244) -> SCHAQ-604UI | B99: =IF(Reporte1_1!C244="","",Reporte1_1!C244) -> 45947 | C99: PEC | D99: =IF(Reporte1_1!G244="","",Reporte1_1!G244) -> 5 | E99: =IF(Reporte1_1!H244="","",Reporte1_1!H244) -> 589 | F99: =IF(Reporte1_1!I244="","",Reporte1_1!I244) -> 518 | G99: =IF(Reporte1_1!J244="","",Reporte1_1!J244) -> 71 | H99: =IF(Reporte1_1!K244="","",Reporte1_1!K244) -> 310.8 | I99: =IF(Reporte1_1!L244="","",Reporte1_1!L244) -> 12.05 | J99: =IF(Reporte1_1!M244="","",Reporte1_1!M244) -> 600 | K99: =IF(Reporte1_1!V244="","",Reporte1_1!V244) -> 262 | L99: =IF(Reporte1_1!Q244="","",Reporte1_1!Q244) -> 19.2 | M99: =IF(Reporte1_1!R244="","",Reporte1_1!R244) -> 54 | N99: =IF(Reporte1_1!S244="","",Reporte1_1!S244) -> 0 | O99: =IF(Reporte1_1!T244="","",Reporte1_1!T244) -> 0 | P99: =IF(Reporte1_1!U244="","",Reporte1_1!U244) -> 170 | Q99: =IF(Reporte1_1!N244="","",Reporte1_1!N244) -> WD-1000MF|WD-1000MF|WD-1000MF|WD-1750 | R99: =IF(Reporte1_1!X244="","",Reporte1_1!X244) -> 404 | S99: =IF(Reporte1_1!AA244="","",Reporte1_1!AA244) -> 524.446
A100: =IF(Reporte1_1!A234="","",Reporte1_1!A234) -> SCHAQ-494UI | B100: =IF(Reporte1_1!C234="","",Reporte1_1!C234) -> 45952 | C100: PEC | D100: =IF(Reporte1_1!G234="","",Reporte1_1!G234) -> 6 | E100: =IF(Reporte1_1!H234="","",Reporte1_1!H234) -> 581 | F100: =IF(Reporte1_1!I234="","",Reporte1_1!I234) -> 407 | G100: =IF(Reporte1_1!J234="","",Reporte1_1!J234) -> 174 | H100: =IF(Reporte1_1!K234="","",Reporte1_1!K234) -> 162.8 | I100: =IF(Reporte1_1!L234="","",Reporte1_1!L234) -> 29.95 | J100: =IF(Reporte1_1!M234="","",Reporte1_1!M234) -> 400 | K100: =IF(Reporte1_1!V234="","",Reporte1_1!V234) -> 0 | L100: =IF(Reporte1_1!Q234="","",Reporte1_1!Q234) -> 20.1 | M100: =IF(Reporte1_1!R234="","",Reporte1_1!R234) -> 56 | N100: =IF(Reporte1_1!S234="","",Reporte1_1!S234) -> 0 | O100: =IF(Reporte1_1!T234="","",Reporte1_1!T234) -> 0 | P100: =IF(Reporte1_1!U234="","",Reporte1_1!U234) -> 150 | Q100: =IF(Reporte1_1!N234="","",Reporte1_1!N234) -> SF-2700|SF-2700|SF-2700|SF-2700 | R100: =IF(Reporte1_1!X234="","",Reporte1_1!X234) -> 450 | S100: =IF(Reporte1_1!AA234="","",Reporte1_1!AA234) -> 412.064
A101: =IF(Reporte1_1!A79="","",Reporte1_1!A79) -> SCHD-253HS | B101: =IF(Reporte1_1!C79="","",Reporte1_1!C79) -> 45938 | C101: PEC | D101: =IF(Reporte1_1!G79="","",Reporte1_1!G79) -> 5 | E101: =IF(Reporte1_1!H79="","",Reporte1_1!H79) -> 572 | F101: =IF(Reporte1_1!I79="","",Reporte1_1!I79) -> 446 | G101: =IF(Reporte1_1!J79="","",Reporte1_1!J79) -> 126 | H101: =IF(Reporte1_1!K79="","",Reporte1_1!K79) -> 9.76 | I101: =IF(Reporte1_1!L79="","",Reporte1_1!L79) -> 22.03 | J101: =IF(Reporte1_1!M79="","",Reporte1_1!M79) -> 22 | K101: =IF(Reporte1_1!V79="","",Reporte1_1!V79) -> 1145 | L101: =IF(Reporte1_1!Q79="","",Reporte1_1!Q79) -> 25.8 | M101: =IF(Reporte1_1!R79="","",Reporte1_1!R79) -> 46 | N101: =IF(Reporte1_1!S79="","",Reporte1_1!S79) -> 0 | O101: =IF(Reporte1_1!T79="","",Reporte1_1!T79) -> 0 | P101: =IF(Reporte1_1!U79="","",Reporte1_1!U79) -> 120 | Q101: =IF(Reporte1_1!N79="","",Reporte1_1!N79) -> E1000|E1000|E1000|FLEX 17.5 | R101: =IF(Reporte1_1!X79="","",Reporte1_1!X79) -> 368 | S101: =IF(Reporte1_1!AA79="","",Reporte1_1!AA79) -> 451.55
...

Sheet Pozos mas productores
A1: POZO | B1: FECHA | C1: CAMPO | D1: HORAS | E1: BFPD | F1: BPPD | G1: BAPD | H1: MSCF | I1: BSW | J1: GOR | K1: PIP | L1: API | M1: FREC | N1: P. INY | O1: B. INY | P1: PSI | Q1: T. | R1: SALIN. | S1: BPPD
A2: SCHAO-473HS1UI | B2: 45942 | C2: PEC | D2: 3 | E2: 4385 | F2: 614 | G2: 3771 | H2: 245.6 | I2: 86 | J2: 400 | K2: 461 | L2: 17.9 | M2: 60 | N2: 0 | O2: 0 | P2: 180 | Q2: S4000N|S4000N | R2: 448 | S2: 621.64
A3: SCH-128HS | B3: 45950 | C3: PEC | D3: 5 | E3: 3753 | F3: 225 | G3: 3528 | H3: 33.98 | I3: 94.01 | J3: 151 | K3: 2644 | L3: 29.8 | M3: 43 | N3: 0 | O3: 0 | P3: 270 | Q3: RC4000 CR-CT|RC4000 CR-CT|RC4000 CR-CT | R3: 319 | S3: 227.8
A4: SCHA-409HI | B4: 45940 | C4: PEC | D4: 3 | E4: 3615 | F4: 434 | G4: 3181 | H4: 3.47 | I4: 87.99 | J4: 8 | K4: 2261 | L4: 26.9 | M4: 56 | N4: 0 | O4: 0 | P4: 80 | Q4: WD-3000|WD-3000|WD-3000|WD-3000 | R4: 414 | S4: 439.4
A5: SCHAO-477HUI | B5: 45947 | C5: PEC | D5: 1 | E5: 3547 | F5: 355 | G5: 3192 | H5: 284 | I5: 89.99 | J5: 800 | K5: 868 | L5: 17.4 | M5: 57 | N5: 0 | O5: 0 | P5: 120 | Q5: S4000N|S4000N | R5: 424 | S5: 359.418
A6: SCH-106HS | B6: 45952 | C6: PEC | D6: 5 | E6: 3067 | F6: 701 | G6: 2366 | H6: 106.8 | I6: 77.14 | J6: 152 | K6: 550 | L6: 26.8 | M6: 59.2 | N6: 0 | O6: 0 | P6: 180 | Q6: D3550N|D3550N|D3500N|D3550N|D20 | R6: 452 | S6: 709.723
A7: SCHV-226HS | B7: 45951 | C7: PEC | D7: 3 | E7: 2632 | F7: 237 | G7: 2395 | H7: 5.69 | I7: 91 | J7: 24 | K7: 3009 | L7: 24 | M7: 98 | N7: 0 | O7: 0 | P7: 40 | Q7: NH(2500-3100)H|NH(2500-3100)H|NH(2500-3100)H|NH(2500-3100)H | R7: 328 | S7: 224.944
A8: SCH-124UI | B8: 45946 | C8: PEC | D8: 5 | E8: 2459 | F8: 295 | G8: 2164 | H8: 59.89 | I8: 88 | J8: 203 | K8: 665 | L8: 24.2 | M8: 64 | N8: 0 | O8: 0 | P8: 210 | Q8: E3000 SSD|E3000 SSD|E3000 SSD|E3000 SSD | R8: 454 | S8: 298.67
A9: SCH-186UI | B9: 45950 | C9: PEC | D9: 5 | E9: 2445 | F9: 1956 | G9: 489 | H9: 1173 | I9: 20 | J9: 600 | K9: 334 | L9: 23.7 | M9: 63 | N9: 0 | O9: 0 | P9: 140 | Q9: RC4000 CR-CT|RC4000 CR-CT|RC4000 CR-CT|RC4000 CR-CT|D20|D20 | R9: 449 | S9: 1980.339
A10: SCHAC-353HI | B10: 45952 | C10: PEC | D10: 5 | E10: 2345 | F10: 141 | G10: 2204 | H10: 1.13 | I10: 93.99 | J10: 8 | K10: 1571 | L10: 27.8 | M10: 50 | N10: 0 | O10: 0 | P10: 120 | Q10: WD-3000|WD-3000|WD-3000|WD-3000 | R10: 466 | S10: 142.754
A11: SCHH-218HS | B11: 45950 | C11: PEC | D11: 2 | E11: 2147 | F11: 107 | G11: 2040 | H11: 16.21 | I11: 95.02 | J11: 151 | K11: 361 | L11: 20.5 | M11: 50 | N11: 0 | O11: 0 | P11: 70 | Q11: WE 5500|WE 5500 | R11: 422 | S11: 101.557
A12: SCHAH-404HI | B12: 45928 | C12: PEC | D12: 5 | E12: 2130 | F12: 170 | G12: 1960 | H12: 1.36 | I12: 92.02 | J12: 8 | K12: 2022 | L12: 26.6 | M12: 48 | N12: 0 | O12: 0 | P12: 100 | Q12: E3000 SSD|E3000 SSD|E3000 SSD | R12: 385 | S12: 172.115
A13: SCHP-181UI | B13: 45947 | C13: PEC | D13: 5 | E13: 2109 | F13: 295 | G13: 1814 | H13: 59.89 | I13: 86.01 | J13: 203 | K13: 163 | L13: 24.1 | M13: 59 | N13: 0 | O13: 0 | P13: 90 | Q13: SF-2700|SF-2700|SF-2700|SF-2700 | R13: 472 | S13: 298.671
... A48: SCHAJ-428TI | B48: 45952 | C48: PEC | D48: 4 | E48: 1038 | F48: 208 | G48: 830 | H48: 59.25 | I48: 79.96 | J48: 285 | K48: 300 | L48: 28.5 | M48: 57 | N48: 0 | O48: 0 | P48: 300 | Q48: SF-900|SF-900|SF-900|SF-900 | R48: 456 | S48: 210.588
B49: 45950
B50: 45952
B51: 45949
B52: 45944
B53: 45938
B54: 45951
B55: 45949
B56: 45952
B57: 45950
B58: 45952
B59: 45951
B60: 45944
... B257: 45951

Sheet SCHAO-473HS1UI
A1: @Name( ) | B1: Date | C1: PRUEBA DE PRODUCCION PETRÓLEO A 24 HORAS bbl/d | D1: PRUEBA DE PRODUCCIÓN AGUA A 24 HORAS bbl/d | E1: Prueba_pozo.Oil_24 + Prueba_pozo.Water_24 | F1: PRUEBA DE PRODUCCIÓN GAS A 24 HORAS Mcf/d | G1: BSW % | H1: GRAVEDAD API DEL PETROLEO | I1: SALINIDAD PPM PU | J1: PRESION DE INTAKE psi | K1: FRECUENCIA BOMBA Hz | L1: AMPERAJE BOMBA Amp | M1: PRESION DE TUBING psi | N1: PRESION DE CASING psi | O1: TIPO DE BOMBA | P1: TEMPERATURA DE LA BOMBA Deg. F | Q1: ETAPAS DE LA BOMBA | R1: CAMPO
A2: SCHAO-473HS1UI | B2: 42036 | C2: 1436.00 | D2: 359.00 | E2: 1795.00 | F2: 0.00 | G2: 20.00 | H2: 18.20 | M2: 170.00 | R2: SACHA NORTE 1
A3: SCHAO-473HS1UI | B3: 42278 | C3: 1544.00 | D3: 386.00 | E3: 1930.00 | F3: 0.00 | G3: 20.00 | H3: 18.20 | M3: 170.00 | R3: SACHA NORTE 1
A4: SCHAO-473HS1UI | B4: 2/18/2015 | C4: 1714.00 | D4: 429.00 | E4: 2143.00 | F4: 0.00 | G4: 20.02 | H4: 18.20 | M4: 150.00 | R4: SACHA NORTE 1
A5: SCHAO-473HS1UI | B5: 2/23/2015 | C5: 1737.00 | D5: 434.00 | E5: 2171.00 | F5: 0.00 | G5: 19.99 | H5: 18.20 | M5: 140.00 | R5: SACHA NORTE 1
A6: SCHAO-473HS1UI | B6: 2/25/2015 | C6: 1650.00 | D6: 521.00 | E6: 2171.00 | F6: 0.00 | G6: 24.00 | H6: 18.20 | M6: 140.00 | R6: SACHA NORTE 1
A7: SCHAO-473HS1UI | B7: 42159 | C7: 1556.00 | D7: 492.00 | E7: 2048.00 | F7: 0.00 | G7: 24.02 | H7: 18.20 | M7: 130.00 | R7: SACHA NORTE 1
A8: SCHAO-473HS1UI | B8: 4/15/2015 | C8: 1525.00 | D8: 481.00 | E8: 2006.00 | F8: 0.00 | G8: 23.98 | H8: 18.20 | M8: 130.00 | R8: SACHA NORTE 1
A9: SCHAO-473HS1UI | B9: 4/21/2015 | C9: 1547.00 | D9: 489.00 | E9: 2036.00 | F9: 0.00 | G9: 24.02 | H9: 18.20 | M9: 125.00 | R9: SACHA NORTE 1
